,Match_ID,Name,Overs,Maidens,Runs,Wickets,ECON,0s,4s,6s,WD,NB,Team,Versus
0,1144490,Bhuvneshwar Kumar,10,0,44,2,4.4,33,3,0,2,0,India,South Africa
1,1144490,Jasprit Bumrah,10,1,35,2,3.5,41,4,0,0,0,India,South Africa
2,1144490,Hardik Pandya,6,0,31,0,5.16,16,2,0,0,0,India,South Africa
3,1144490,Kuldeep Yadav,10,0,46,1,4.6,28,2,1,1,0,India,South Africa
4,1144490,Yuzvendra Chahal,10,0,51,4,5.1,32,1,2,3,0,India,South Africa
5,1144490,Kedar Jadhav,4,0,16,0,4,13,1,0,0,0,India,South Africa
6,1144496,Bhuvneshwar Kumar,10,0,50,3,5,31,5,0,1,0,India,Australia
7,1144496,Jasprit Bumrah,10,1,61,3,6.1,34,9,0,1,0,India,Australia
8,1144496,Hardik Pandya,10,0,68,0,6.8,24,6,1,2,1,India,Australia
9,1144496,Kuldeep Yadav,9,0,55,0,6.11,19,4,1,0,0,India,Australia
10,1144496,Yuzvendra Chahal,10,0,62,2,6.2,21,3,1,1,0,India,Australia
11,1144496,Kedar Jadhav,1,0,14,0,14,2,1,1,2,0,India,Australia
12,1144504,Bhuvneshwar Kumar,2.4,0,8,0,3,12,1,0,1,0,India,Pakistan
13,1144504,Jasprit Bumrah,8,0,52,0,6.5,24,8,0,0,1,India,Pakistan
14,1144504,Vijay Shankar,5.2,0,22,2,4.12,19,2,0,2,0,India,Pakistan
15,1144504,Hardik Pandya,8,0,44,2,5.5,21,5,0,1,0,India,Pakistan
16,1144504,Kuldeep Yadav,9,1,32,2,3.55,28,1,0,0,0,India,Pakistan
17,1144504,Yuzvendra Chahal,7,0,53,0,7.57,13,1,3,2,0,India,Pakistan
18,1144510,Mohammed Shami,9.5,1,40,4,4.06,38,4,0,3,0,India,Afghanistan
19,1144510,Jasprit Bumrah,10,1,39,2,3.9,37,1,1,0,0,India,Afghanistan
20,1144510,Yuzvendra Chahal,10,0,36,2,3.6,41,5,0,0,0,India,Afghanistan
21,1144510,Hardik Pandya,10,1,51,2,5.1,32,3,0,2,0,India,Afghanistan
22,1144510,Kuldeep Yadav,10,0,39,0,3.9,30,2,0,0,0,India,Afghanistan
23,1144516,Mohammed Shami,6.2,0,16,4,2.52,29,2,0,1,0,India,West Indies
24,1144516,Jasprit Bumrah,6,1,9,2,1.5,28,0,0,0,0,India,West Indies
25,1144516,Hardik Pandya,5,0,28,1,5.6,13,3,0,0,1,India,West Indies
26,1144516,Kuldeep Yadav,9,1,35,1,3.88,28,1,0,2,0,India,West Indies
27,1144516,Kedar Jadhav,1,0,4,0,4,5,1,0,0,0,India,West Indies
28,1144516,Yuzvendra Chahal,7,0,39,2,5.57,24,5,1,0,0,India,West Indies
29,1144520,Mohammed Shami,10,1,69,5,6.9,37,8,3,1,0,India,England
30,1144520,Jasprit Bumrah,10,1,44,1,4.4,30,3,0,0,0,India,England
31,1144520,Yuzvendra Chahal,10,0,88,0,8.8,28,7,6,2,0,India,England
32,1144520,Hardik Pandya,10,0,60,0,6,22,4,1,1,0,India,England
33,1144520,Kuldeep Yadav,10,0,72,1,7.2,25,5,3,0,0,India,England
34,1144522,Bhuvneshwar Kumar,9,0,51,1,5.66,26,2,1,3,0,India,Bangladesh
35,1144522,Jasprit Bumrah,10,1,55,4,5.5,33,7,0,2,0,India,Bangladesh
36,1144522,Mohammed Shami,9,0,68,1,7.55,22,11,0,1,0,India,Bangladesh
37,1144522,Yuzvendra Chahal,10,0,50,1,5,31,6,0,2,0,India,Bangladesh
38,1144522,Hardik Pandya,10,0,60,3,6,26,5,1,2,0,India,Bangladesh
39,1144526,Bhuvneshwar Kumar,10,0,73,1,7.3,26,10,0,3,0,India,Sri Lanka
40,1144526,Jasprit Bumrah,10,2,37,3,3.7,36,3,0,2,0,India,Sri Lanka
41,1144526,Hardik Pandya,10,0,50,1,5,25,4,0,1,1,India,Sri Lanka
42,1144526,Ravindra Jadeja,10,0,40,1,4,37,1,2,0,0,India,Sri Lanka
43,1144526,Kuldeep Yadav,10,0,58,1,5.8,26,6,0,1,0,India,Sri Lanka
44,1144528,Bhuvneshwar Kumar,10,1,43,3,4.3,32,2,0,0,0,India,New Zealand
45,1144528,Jasprit Bumrah,10,1,39,1,3.9,31,1,0,0,0,India,New Zealand
46,1144528,Hardik Pandya,10,0,55,1,5.5,29,5,0,5,0,India,New Zealand
47,1144528,Ravindra Jadeja,10,0,34,1,3.4,38,2,0,0,0,India,New Zealand
48,1144528,Yuzvendra Chahal,10,0,63,1,6.3,28,5,1,4,0,India,New Zealand
49,1188625,Bhuvneshwar Kumar,8,0,31,4,3.87,34,2,1,1,0,India,West Indies
50,1188625,Mohammed Shami,8,0,39,2,4.87,32,5,0,2,0,India,West Indies
51,1188625,Khaleel Ahmed,7,0,32,1,4.57,23,2,1,2,0,India,West Indies
52,1188625,Kuldeep Yadav,10,0,59,2,5.9,20,4,1,1,0,India,West Indies
53,1188625,Kedar Jadhav,5,0,25,0,5,16,3,0,1,0,India,West Indies
54,1188625,Ravindra Jadeja,4,0,15,1,3.75,13,1,0,0,1,India,West Indies
55,1188626,Bhuvneshwar Kumar,5,1,48,0,9.6,15,5,3,3,0,India,West Indies
56,1188626,Mohammed Shami,7,1,50,2,7.14,20,4,2,1,1,India,West Indies
57,1188626,Khaleel Ahmed,7,0,68,3,9.71,19,7,4,0,0,India,West Indies
58,1188626,Yuzvendra Chahal,7,0,32,1,4.57,21,1,1,1,0,India,West Indies
59,1188626,Kedar Jadhav,4,0,13,0,3.25,14,1,0,0,0,India,West Indies
60,1188626,Ravindra Jadeja,5,0,26,1,5.2,15,0,2,1,0,India,West Indies
61,1187021,Deepak Chahar,10,1,48,1,4.8,32,4,1,0,0,India,West Indies
62,1187021,Mohammed Shami,9,1,57,1,6.33,27,8,1,0,0,India,West Indies
63,1187021,Kuldeep Yadav,10,0,45,0,4.5,31,0,1,3,0,India,West Indies
64,1187021,Shivam Dube,7.5,0,68,0,8.68,13,9,1,0,0,India,West Indies
65,1187021,Kedar Jadhav,1,0,11,0,11,1,2,0,0,0,India,West Indies
66,1187021,Ravindra Jadeja,10,0,58,0,5.8,30,1,4,0,1,India,West Indies
67,1187022,Deepak Chahar,7,1,44,0,6.28,23,6,1,2,0,India,West Indies
68,1187022,Shardul Thakur,8,0,55,1,6.87,24,7,1,2,0,India,West Indies
69,1187022,Mohammed Shami,7.3,0,39,3,5.2,27,5,1,1,0,India,West Indies
70,1187022,Ravindra Jadeja,10,0,74,2,7.4,25,4,5,1,0,India,West Indies
71,1187022,Kuldeep Yadav,10,0,52,3,5.2,34,2,4,0,0,India,West Indies
72,1187022,Shreyas Iyer,1,0,13,0,13,3,1,1,2,0,India,West Indies
73,1187023,Shardul Thakur,10,0,66,1,6.6,29,5,3,2,0,India,West Indies
74,1187023,Mohammed Shami,10,2,66,1,6.6,27,5,3,0,0,India,West Indies
75,1187023,Navdeep Saini,10,0,58,2,5.8,33,8,1,1,0,India,West Indies
76,1187023,Kuldeep Yadav,10,0,67,0,6.7,27,3,5,0,0,India,West Indies
77,1187023,Ravindra Jadeja,10,0,54,1,5.4,28,6,0,0,0,India,West Indies
78,1187027,Mohammed Shami,7.4,0,58,0,7.56,23,10,0,1,0,India,Australia
79,1187027,Jasprit Bumrah,7,0,50,0,7.14,24,9,0,1,0,India,Australia
80,1187027,Shardul Thakur,5,0,43,0,8.6,13,5,1,4,0,India,Australia
81,1187027,Kuldeep Yadav,10,0,55,0,5.5,31,2,3,2,0,India,Australia
82,1187027,Ravindra Jadeja,8,0,41,0,5.12,27,4,1,1,0,India,Australia
83,1187028,Jasprit Bumrah,9.1,2,32,1,3.49,37,3,0,1,0,India,Australia
84,1187028,Mohammed Shami,10,0,77,3,7.7,24,8,1,4,0,India,Australia
85,1187028,Navdeep Saini,10,0,62,2,6.2,24,8,0,0,0,India,Australia
86,1187028,Ravindra Jadeja,10,0,58,2,5.8,22,4,1,1,0,India,Australia
87,1187028,Kuldeep Yadav,10,0,65,2,6.5,19,3,1,0,0,India,Australia
88,1187029,Jasprit Bumrah,10,0,38,0,3.8,39,3,0,4,0,India,Australia
89,1187029,Mohammed Shami,10,0,63,4,6.3,28,6,1,4,0,India,Australia
90,1187029,Navdeep Saini,10,0,65,1,6.5,30,9,1,0,0,India,Australia
91,1187029,Kuldeep Yadav,10,0,62,1,6.2,18,5,0,1,0,India,Australia
92,1187029,Ravindra Jadeja,10,1,44,2,4.4,28,3,0,0,0,India,Australia
93,1187682,Jasprit Bumrah,10,1,53,0,5.3,37,3,1,9,0,India,New Zealand
94,1187682,Mohammed Shami,9.1,0,63,1,6.87,27,8,0,6,0,India,New Zealand
95,1187682,Shardul Thakur,9,0,80,1,8.88,20,6,4,2,1,India,New Zealand
96,1187682,Ravindra Jadeja,10,0,64,0,6.4,23,6,1,1,0,India,New Zealand
97,1187682,Kuldeep Yadav,10,0,84,2,8.4,17,10,1,1,0,India,New Zealand
98,1187683,Shardul Thakur,10,1,60,2,6,34,6,2,3,0,India,New Zealand
99,1187683,Jasprit Bumrah,10,0,64,0,6.4,25,6,2,0,0,India,New Zealand
100,1187683,Navdeep Saini,10,0,48,0,4.8,36,5,1,2,0,India,New Zealand
101,1187683,Yuzvendra Chahal,10,0,58,3,5.8,27,4,2,1,0,India,New Zealand
102,1187683,Ravindra Jadeja,10,0,35,1,3.5,34,3,0,0,0,India,New Zealand
103,1187684,Jasprit Bumrah,10,0,50,0,5,32,4,1,0,0,India,New Zealand
104,1187684,Navdeep Saini,8,0,68,0,8.5,26,8,2,2,2,India,New Zealand
105,1187684,Yuzvendra Chahal,10,1,47,3,4.7,28,3,1,0,0,India,New Zealand
106,1187684,Shardul Thakur,9.1,0,87,1,9.49,22,10,4,4,0,India,New Zealand
107,1187684,Ravindra Jadeja,10,0,45,1,4.5,25,3,0,0,0,India,New Zealand
108,1223955,Mohammed Shami,10,0,59,3,5.9,30,5,1,1,0,India,Australia
109,1223955,Jasprit Bumrah,10,0,73,1,7.3,25,9,0,2,1,India,Australia
110,1223955,Navdeep Saini,10,0,83,1,8.3,21,8,2,3,0,India,Australia
111,1223955,Yuzvendra Chahal,10,0,89,1,8.9,25,5,5,3,1,India,Australia
112,1223955,Ravindra Jadeja,10,0,63,0,6.3,27,6,1,1,0,India,Australia
113,1223956,Mohammed Shami,9,0,73,1,8.11,20,9,1,1,0,India,Australia
114,1223956,Jasprit Bumrah,10,1,79,1,7.9,22,9,1,1,0,India,Australia
115,1223956,Navdeep Saini,7,0,70,0,10,15,7,3,2,1,India,Australia
116,1223956,Yuzvendra Chahal,9,0,71,0,7.88,19,4,4,0,0,India,Australia
117,1223956,Ravindra Jadeja,10,0,60,0,6,19,3,1,0,0,India,Australia
118,1223956,Mayank Agarwal,1,0,10,0,10,2,2,0,0,0,India,Australia
119,1223956,Hardik Pandya,4,0,24,1,6,10,2,0,0,0,India,Australia
120,1223957,Jasprit Bumrah,9.3,0,43,2,4.52,35,3,1,5,0,India,Australia
121,1223957,T Natarajan,10,1,70,2,7,30,7,2,4,1,India,Australia
122,1223957,Shardul Thakur,10,1,51,3,5.1,29,5,0,0,0,India,Australia
123,1223957,Kuldeep Yadav,10,0,57,1,5.7,26,3,1,0,0,India,Australia
124,1223957,Ravindra Jadeja,10,0,62,1,6.2,31,3,4,0,1,India,Australia
125,1243393,Bhuvneshwar Kumar,9,0,30,2,3.33,34,2,0,2,0,India,England
126,1243393,Prasidh Krishna,8.1,1,54,4,6.61,30,5,2,3,0,India,England
127,1243393,Shardul Thakur,6,0,37,3,6.16,18,3,1,0,0,India,England
128,1243393,Krunal Pandya,10,0,59,1,5.9,31,4,3,0,0,India,England
129,1243393,Kuldeep Yadav,9,0,68,0,7.55,23,5,4,1,0,India,England
130,1243394,Bhuvneshwar Kumar,10,0,63,1,6.3,32,7,2,1,0,India,England
131,1243394,Prasidh Krishna,10,0,58,2,5.8,38,9,1,1,1,India,England
132,1243394,Shardul Thakur,7.3,0,54,0,7.2,23,4,3,1,1,India,England
133,1243394,Kuldeep Yadav,10,0,84,0,8.4,27,3,8,1,0,India,England
134,1243394,Krunal Pandya,6,0,72,0,12,6,1,6,3,0,India,England
135,1243395,Bhuvneshwar Kumar,10,0,42,3,4.2,40,6,0,3,0,India,England
136,1243395,T Natarajan,10,0,73,1,7.3,29,7,2,7,0,India,England
137,1243395,Prasidh Krishna,7,0,62,0,8.85,18,10,1,0,0,India,England
138,1243395,Shardul Thakur,10,0,67,4,6.7,25,7,1,1,0,India,England
139,1243395,Hardik Pandya,9,0,48,0,5.33,23,3,1,0,0,India,England
140,1243395,Krunal Pandya,4,0,29,0,7.25,7,0,2,1,0,India,England
141,1262755,Bhuvneshwar Kumar,9,0,63,0,7,25,2,2,5,0,India,Sri Lanka
142,1262755,Deepak Chahar,7,1,37,2,5.28,23,3,1,2,0,India,Sri Lanka
143,1262755,Hardik Pandya,5,0,34,1,6.8,12,3,1,0,1,India,Sri Lanka
144,1262755,Yuzvendra Chahal,10,0,52,2,5.2,33,1,3,3,0,India,Sri Lanka
145,1262755,Kuldeep Yadav,9,1,48,2,5.33,29,5,0,1,0,India,Sri Lanka
146,1262755,Krunal Pandya,10,1,26,1,2.6,36,0,0,1,0,India,Sri Lanka
147,1262756,Bhuvneshwar Kumar,10,0,54,3,5.4,33,7,0,1,1,India,Sri Lanka
148,1262756,Deepak Chahar,8,0,53,2,6.62,26,6,1,3,0,India,Sri Lanka
149,1262756,Hardik Pandya,4,0,20,0,5,15,1,0,3,1,India,Sri Lanka
150,1262756,Yuzvendra Chahal,10,1,50,3,5,26,4,0,0,0,India,Sri Lanka
151,1262756,Kuldeep Yadav,10,0,55,0,5.5,21,3,0,1,0,India,Sri Lanka
152,1262756,Krunal Pandya,8,0,37,0,4.62,23,3,0,1,0,India,Sri Lanka
153,1262757,Navdeep Saini,5,0,27,0,5.4,18,1,1,1,1,India,Sri Lanka
154,1262757,Chetan Sakariya,8,0,34,2,4.25,32,4,0,1,2,India,Sri Lanka
155,1262757,Rahul Chahar,10,0,54,3,5.4,31,6,0,0,2,India,Sri Lanka
156,1262757,Krishnappa Gowtham,8,0,49,1,6.12,25,6,0,2,0,India,Sri Lanka
157,1262757,Hardik Pandya,5,0,43,1,8.6,12,5,0,3,0,India,Sri Lanka
158,1262757,Nitish Rana,3,0,10,0,3.33,9,0,0,0,0,India,Sri Lanka
159,1277082,Jasprit Bumrah,10,0,48,2,4.8,30,4,0,1,0,India,South Africa
160,1277082,Bhuvneshwar Kumar,10,0,64,0,6.4,26,3,1,4,0,India,South Africa
161,1277082,Shardul Thakur,10,1,72,0,7.2,26,5,3,2,3,India,South Africa
162,1277082,Ravichandran Ashwin,10,0,53,1,5.3,20,2,0,2,0,India,South Africa
163,1277082,Yuzvendra Chahal,10,0,53,0,5.3,30,6,0,0,0,India,South Africa
164,1277083,Jasprit Bumrah,10,0,37,1,3.7,38,3,0,1,0,India,South Africa
165,1277083,Bhuvneshwar Kumar,8,0,67,0,8.37,15,6,2,1,0,India,South Africa
166,1277083,Ravichandran Ashwin,10,1,68,0,6.8,24,6,2,0,0,India,South Africa
167,1277083,Yuzvendra Chahal,10,0,47,1,4.7,26,2,0,1,0,India,South Africa
168,1277083,Shardul Thakur,5,0,35,1,7,13,5,0,2,0,India,South Africa
169,1277083,Venkatesh Iyer,5,0,28,0,5.6,10,2,0,0,0,India,South Africa
170,1277083,Shreyas Iyer,0.1,0,1,0,6,0,0,0,0,0,India,South Africa
171,1277084,Deepak Chahar,8,0,53,2,6.62,26,6,0,6,1,India,South Africa
172,1277084,Jasprit Bumrah,10,0,52,2,5.2,27,5,0,1,0,India,South Africa
173,1277084,Prasidh Krishna,9.5,0,59,3,6,31,7,1,1,1,India,South Africa
174,1277084,Jayant Yadav,10,0,53,0,5.3,30,3,1,1,1,India,South Africa
175,1277084,Yuzvendra Chahal,9,0,47,1,5.22,28,5,1,0,0,India,South Africa
176,1277084,Shreyas Iyer,3,0,21,0,7,7,1,1,0,0,India,South Africa
177,1278676,Mohammed Siraj,8,2,26,1,3.25,35,3,0,1,0,India,West Indies
178,1278676,Prasidh Krishna,10,0,29,2,2.9,47,4,0,2,0,India,West Indies
179,1278676,Washington Sundar,9,1,30,3,3.33,36,3,0,1,0,India,West Indies
180,1278676,Shardul Thakur,7,0,38,0,5.42,23,2,1,0,0,India,West Indies
181,1278676,Yuzvendra Chahal,9.5,0,49,4,4.98,38,1,4,0,0,India,West Indies
182,1278677,Mohammed Siraj,9,1,38,1,4.22,38,3,1,3,0,India,West Indies
183,1278677,Shardul Thakur,9,1,41,2,4.55,35,4,2,0,0,India,West Indies
184,1278677,Prasidh Krishna,9,3,12,4,1.33,45,1,0,0,0,India,West Indies
185,1278677,Yuzvendra Chahal,10,0,45,1,4.5,33,1,2,0,2,India,West Indies
186,1278677,Washington Sundar,5,0,28,1,5.6,14,1,1,0,1,India,West Indies
187,1278677,Deepak Hooda,4,0,24,1,6,12,1,1,1,0,India,West Indies
188,1278678,Deepak Chahar,8,1,41,2,5.12,28,5,0,1,0,India,West Indies
189,1278678,Mohammed Siraj,9,1,29,3,3.22,41,4,0,2,0,India,West Indies
190,1278678,Prasidh Krishna,8.1,1,27,3,3.3,37,2,1,1,0,India,West Indies
191,1278678,Kuldeep Yadav,8,0,51,2,6.37,27,2,4,2,0,India,West Indies
192,1278678,Washington Sundar,4,0,17,0,4.25,18,1,1,2,0,India,West Indies
193,1276907,Mohammed Shami,7,0,31,3,4.42,29,5,0,1,0,India,England
194,1276907,Jasprit Bumrah,7.2,3,19,6,2.59,38,2,0,2,0,India,England
195,1276907,Hardik Pandya,4,0,22,0,5.5,13,3,0,0,0,India,England
196,1276907,Prasidh Krishna,5,0,26,1,5.2,22,6,0,0,0,India,England
197,1276907,Yuzvendra Chahal,2,0,10,0,5,7,0,1,0,0,India,England
198,1276908,Mohammed Shami,10,0,48,1,4.8,39,4,1,3,0,India,England
199,1276908,Jasprit Bumrah,10,1,49,2,4.9,39,4,2,0,1,India,England
200,1276908,Hardik Pandya,6,0,28,2,4.66,20,1,1,3,0,India,England
201,1276908,Prasidh Krishna,8,0,53,1,6.62,23,4,2,1,0,India,England
202,1276908,Yuzvendra Chahal,10,0,47,4,4.7,33,4,1,1,0,India,England
203,1276908,Ravindra Jadeja,5,0,17,0,3.4,15,0,0,0,0,India,England
204,1276909,Mohammed Shami,7,0,38,0,5.42,24,6,0,0,0,India,England
205,1276909,Mohammed Siraj,9,1,66,2,7.33,29,7,1,5,0,India,England
206,1276909,Prasidh Krishna,9,0,48,0,5.33,31,5,1,2,1,India,England
207,1276909,Hardik Pandya,7,3,24,4,3.42,33,0,2,0,0,India,England
208,1276909,Yuzvendra Chahal,9.5,0,60,3,6.1,25,0,4,2,0,India,England
209,1276909,Ravindra Jadeja,4,0,21,1,5.25,11,2,0,0,1,India,England
210,1317900,Mohammed Siraj,10,0,57,2,5.7,31,7,0,3,0,India,West Indies
211,1317900,Prasidh Krishna,10,1,62,0,6.2,34,6,3,2,0,India,West Indies
212,1317900,Shardul Thakur,8,0,54,2,6.75,18,3,1,1,3,India,West Indies
213,1317900,Axar Patel,7,0,43,0,6.14,17,3,1,0,0,India,West Indies
214,1317900,Deepak Hooda,5,0,22,0,4.4,14,1,0,3,0,India,West Indies
215,1317900,Yuzvendra Chahal,10,0,58,2,5.8,28,3,3,0,0,India,West Indies
216,1317901,Mohammed Siraj,10,1,46,0,4.6,36,4,1,2,0,India,West Indies
217,1317901,Avesh Khan,6,0,54,0,9,13,8,1,0,0,India,West Indies
218,1317901,Shardul Thakur,7,0,54,3,7.71,16,3,2,3,1,India,West Indies
219,1317901,Deepak Hooda,9,0,42,1,4.66,27,3,1,0,0,India,West Indies
220,1317901,Axar Patel,9,1,40,1,4.44,30,3,1,0,0,India,West Indies
221,1317901,Yuzvendra Chahal,9,0,69,1,7.66,25,2,6,1,0,India,West Indies
222,1317902,Deepak Hooda,4,1,16,0,4,16,1,1,0,0,India,West Indies
223,1317902,Mohammed Siraj,3,0,14,2,4.66,12,0,1,0,0,India,West Indies
224,1317902,Axar Patel,6,0,38,1,6.33,15,4,1,0,0,India,West Indies
225,1317902,Prasidh Krishna,4,0,30,1,7.5,10,5,0,1,0,India,West Indies
226,1317902,Yuzvendra Chahal,4,0,17,4,4.25,11,1,0,0,0,India,West Indies
227,1317902,Shardul Thakur,5,0,17,2,3.4,18,1,0,0,0,India,West Indies
228,1325549,Deepak Chahar,7,0,27,3,3.85,30,3,0,2,0,India,Zimbabwe
229,1325549,Mohammed Siraj,8,2,36,1,4.5,35,4,0,2,0,India,Zimbabwe
230,1325549,Kuldeep Yadav,10,1,36,0,3.6,34,0,1,0,0,India,Zimbabwe
231,1325549,Prasidh Krishna,8,0,50,3,6.25,27,8,0,1,0,India,Zimbabwe
232,1325549,Axar Patel,7.3,2,24,3,3.2,34,2,1,0,0,India,Zimbabwe
233,1325550,Mohammed Siraj,8,2,16,1,2,42,0,0,4,0,India,Zimbabwe
234,1325550,Prasidh Krishna,6.1,1,28,1,4.54,27,1,1,1,0,India,Zimbabwe
235,1325550,Shardul Thakur,7,0,38,3,5.42,27,5,0,3,0,India,Zimbabwe
236,1325550,Axar Patel,7,1,20,1,2.85,23,0,0,0,0,India,Zimbabwe
237,1325550,Kuldeep Yadav,8,0,49,1,6.12,22,5,1,1,0,India,Zimbabwe
238,1325550,Deepak Hooda,2,0,6,1,3,7,0,0,0,0,India,Zimbabwe
239,1325551,Deepak Chahar,10,0,75,2,7.5,25,7,3,1,0,India,Zimbabwe
240,1325551,Avesh Khan,9.3,1,66,3,6.94,29,7,2,1,2,India,Zimbabwe
241,1325551,Shardul Thakur,9,0,55,1,6.11,26,5,0,2,2,India,Zimbabwe
242,1325551,Kuldeep Yadav,10,0,38,2,3.8,33,1,0,2,0,India,Zimbabwe
243,1325551,Deepak Hooda,1,0,9,0,9,3,2,0,0,0,India,Zimbabwe
244,1325551,Axar Patel,10,1,30,2,3,39,2,0,1,0,India,Zimbabwe
245,1327509,Mohammed Siraj,8,0,49,0,6.12,26,5,1,3,0,India,South Africa
246,1327509,Avesh Khan,8,0,51,0,6.37,28,4,2,2,0,India,South Africa
247,1327509,Shardul Thakur,8,1,35,2,4.37,26,3,0,2,0,India,South Africa
248,1327509,Ravi Bishnoi,8,0,69,1,8.62,21,7,1,4,1,India,South Africa
249,1327509,Kuldeep Yadav,8,0,39,1,4.87,24,2,1,0,0,India,South Africa
250,1327510,Mohammed Siraj,10,1,38,3,3.8,39,5,0,2,0,India,South Africa
251,1327510,Washington Sundar,9,0,60,1,6.66,20,6,1,0,0,India,South Africa
252,1327510,Shahbaz Ahmed,10,0,54,1,5.4,25,4,1,0,0,India,South Africa
253,1327510,Avesh Khan,7,0,35,0,5,24,5,0,1,0,India,South Africa
254,1327510,Kuldeep Yadav,9,0,49,1,5.44,24,2,2,0,0,India,South Africa
255,1327510,Shardul Thakur,5,0,36,1,7.2,11,5,0,0,0,India,South Africa
256,1327511,Washington Sundar,4,0,15,2,3.75,17,2,0,2,0,India,South Africa
257,1327511,Mohammed Siraj,5,0,17,2,3.4,23,3,0,0,0,India,South Africa
258,1327511,Avesh Khan,5,1,8,0,1.6,24,0,0,2,0,India,South Africa
259,1327511,Shahbaz Ahmed,7,0,32,2,4.57,23,4,0,0,0,India,South Africa
260,1327511,Shardul Thakur,2,0,8,0,4,7,1,0,0,0,India,South Africa
261,1327511,Kuldeep Yadav,4.1,1,18,4,4.32,15,1,1,0,0,India,South Africa
262,1322278,Arshdeep Singh,8.1,0,68,0,8.32,22,6,3,1,1,India,New Zealand
263,1322278,Shardul Thakur,9,1,63,1,7,31,10,1,3,0,India,New Zealand
264,1322278,Washington Sundar,10,0,42,0,4.2,31,2,1,1,0,India,New Zealand
265,1322278,Umran Malik,10,0,66,2,6.6,30,6,2,1,1,India,New Zealand
266,1322278,Yuzvendra Chahal,10,0,67,0,6.7,25,7,1,2,0,India,New Zealand
267,1340845,Deepak Chahar,8,1,32,1,4,35,5,0,0,2,India,Bangladesh
268,1340845,Mohammed Siraj,10,1,32,3,3.2,46,4,0,2,0,India,Bangladesh
269,1340845,Kuldeep Sen,5,0,37,2,7.4,16,1,3,3,0,India,Bangladesh
270,1340845,Shahbaz Ahmed,9,0,39,0,4.33,27,3,0,0,0,India,Bangladesh
271,1340845,Washington Sundar,5,0,17,2,3.4,17,0,0,0,0,India,Bangladesh
272,1340845,Shardul Thakur,9,1,21,1,2.33,39,1,0,1,0,India,Bangladesh
273,1340846,Deepak Chahar,3,0,12,0,4,12,1,0,0,0,India,Bangladesh
274,1340846,Mohammed Siraj,10,0,73,2,7.3,35,10,1,4,1,India,Bangladesh
275,1340846,Shardul Thakur,10,1,47,0,4.7,35,2,2,2,0,India,Bangladesh
276,1340846,Umran Malik,10,2,58,2,5.8,35,9,0,1,1,India,Bangladesh
277,1340846,Washington Sundar,10,0,37,3,3.7,36,2,1,0,0,India,Bangladesh
278,1340846,Axar Patel,7,0,40,0,5.71,17,2,1,0,0,India,Bangladesh
279,1340847,Mohammed Siraj,5,0,27,1,5.4,16,2,1,0,0,India,Bangladesh
280,1340847,Shardul Thakur,5,0,30,3,6,22,3,2,2,0,India,Bangladesh
281,1340847,Axar Patel,5,0,22,2,4.4,15,2,0,0,0,India,Bangladesh
282,1340847,Umran Malik,8,0,43,2,5.37,24,5,0,0,1,India,Bangladesh
283,1340847,Kuldeep Yadav,10,1,53,1,5.3,31,2,3,1,0,India,Bangladesh
284,1340847,Washington Sundar,1,0,2,1,2,4,0,0,0,0,India,Bangladesh
285,1348643,Mohammed Shami,9,0,67,1,7.44,29,9,1,2,0,India,Sri Lanka
286,1348643,Mohammed Siraj,7,1,30,2,4.28,29,3,1,0,0,India,Sri Lanka
287,1348643,Hardik Pandya,6,0,33,1,5.5,18,4,0,2,0,India,Sri Lanka
288,1348643,Umran Malik,8,0,57,3,7.12,27,10,0,4,0,India,Sri Lanka
289,1348643,Yuzvendra Chahal,10,0,58,1,5.8,33,6,2,0,0,India,Sri Lanka
290,1348643,Axar Patel,10,0,58,0,5.8,32,7,1,0,0,India,Sri Lanka
291,1348644,Mohammed Shami,7,0,43,0,6.14,23,7,0,1,0,India,Sri Lanka
292,1348644,Mohammed Siraj,5.4,0,30,3,5.29,24,4,1,2,0,India,Sri Lanka
293,1348644,Hardik Pandya,5,0,26,0,5.2,14,2,0,2,0,India,Sri Lanka
294,1348644,Umran Malik,7,0,48,2,6.85,21,6,1,0,1,India,Sri Lanka
295,1348644,Kuldeep Yadav,10,0,51,3,5.1,33,6,1,0,0,India,Sri Lanka
296,1348644,Axar Patel,5,0,16,1,3.2,18,1,0,0,0,India,Sri Lanka
297,1348645,Mohammed Shami,6,2,20,2,3.33,31,3,0,2,0,India,Sri Lanka
298,1348645,Mohammed Siraj,10,1,32,4,3.2,46,5,0,1,0,India,Sri Lanka
299,1348645,Kuldeep Yadav,5,1,16,2,3.2,23,3,0,0,0,India,Sri Lanka
300,1348645,Shreyas Iyer,1,0,2,0,2,4,0,0,0,0,India,Sri Lanka
301,1348646,Mohammed Shami,10,1,69,1,6.9,30,8,3,0,0,India,New Zealand
302,1348646,Mohammed Siraj,10,2,46,4,4.6,39,7,0,4,0,India,New Zealand
303,1348646,Hardik Pandya,7,0,70,1,10,14,7,3,3,0,India,New Zealand
304,1348646,Kuldeep Yadav,8,1,43,2,5.37,29,4,2,0,0,India,New Zealand
305,1348646,Shardul Thakur,7.2,0,54,2,7.36,27,6,2,7,0,India,New Zealand
306,1348646,Washington Sundar,7,0,50,0,7.14,18,3,3,0,0,India,New Zealand
307,1348647,Mohammed Shami,6,1,18,3,3,30,3,0,3,0,India,New Zealand
308,1348647,Mohammed Siraj,6,1,10,1,1.66,30,1,0,0,0,India,New Zealand
309,1348647,Shardul Thakur,6,1,26,1,4.33,26,5,0,1,0,India,New Zealand
310,1348647,Hardik Pandya,6,3,16,2,2.66,29,2,0,1,0,India,New Zealand
311,1348647,Kuldeep Yadav,7.3,0,29,1,3.86,22,2,0,0,0,India,New Zealand
312,1348647,Washington Sundar,3,1,7,2,2.33,13,0,0,0,0,India,New Zealand
313,1348648,Hardik Pandya,6,0,37,1,6.16,23,3,2,3,0,India,New Zealand
314,1348648,Washington Sundar,6,0,49,0,8.16,15,4,3,1,0,India,New Zealand
315,1348648,Shardul Thakur,6,0,45,3,7.5,15,4,2,1,0,India,New Zealand
316,1348648,Umran Malik,7,0,52,1,7.42,18,5,2,2,0,India,New Zealand
317,1348648,Kuldeep Yadav,9,0,62,3,6.88,21,4,2,2,0,India,New Zealand
318,1348648,Yuzvendra Chahal,7.2,0,43,2,5.86,22,3,2,0,0,India,New Zealand
319,1348656,Mohammed Shami,6,2,17,3,2.83,30,1,1,2,0,India,Australia
320,1348656,Mohammed Siraj,5.4,1,29,3,5.11,26,7,0,0,0,India,Australia
321,1348656,Hardik Pandya,5,0,29,1,5.8,19,2,2,1,0,India,Australia
322,1348656,Shardul Thakur,2,0,12,0,6,8,1,1,0,0,India,Australia
323,1348656,Ravindra Jadeja,9,0,46,2,5.11,27,4,1,0,0,India,Australia
324,1348656,Kuldeep Yadav,8,1,48,1,6,24,5,1,0,0,India,Australia
325,1348657,Mohammed Shami,3,0,29,0,9.66,11,3,2,3,0,India,Australia
326,1348657,Mohammed Siraj,3,0,37,0,12.33,6,8,0,1,0,India,Australia
327,1348657,Axar Patel,3,0,25,0,8.33,7,4,0,0,0,India,Australia
328,1348657,Hardik Pandya,1,0,18,0,18,3,0,3,0,0,India,Australia
329,1348657,Kuldeep Yadav,1,0,12,0,12,2,1,1,0,0,India,Australia
330,1348658,Mohammed Shami,6,0,37,0,6.16,23,4,2,0,0,India,Australia
331,1348658,Mohammed Siraj,7,1,37,2,5.28,28,6,1,0,0,India,Australia
332,1348658,Axar Patel,8,0,57,2,7.12,24,3,4,0,1,India,Australia
333,1348658,Hardik Pandya,8,0,44,3,5.5,24,4,0,1,0,India,Australia
334,1348658,Ravindra Jadeja,10,0,34,0,3.4,31,1,0,1,0,India,Australia
335,1348658,Kuldeep Yadav,10,1,56,3,5.6,30,4,1,1,0,India,Australia
336,1388398,Mohammed Shami,7,0,29,1,4.14,27,2,0,1,0,India,Nepal
337,1388398,Mohammed Siraj,9.2,1,61,3,6.53,33,8,2,1,0,India,Nepal
338,1388398,Hardik Pandya,8,3,34,1,4.25,34,3,1,1,0,India,Nepal
339,1388398,Shardul Thakur,4,0,26,1,6.5,13,2,1,0,0,India,Nepal
340,1388398,Ravindra Jadeja,10,0,40,3,4,29,1,0,0,0,India,Nepal
341,1388398,Kuldeep Yadav,10,2,34,0,3.4,39,2,0,0,0,India,Nepal
342,1388406,Jasprit Bumrah,5,1,18,1,3.6,25,1,0,2,0,India,Pakistan
343,1388406,Mohammed Siraj,5,0,23,0,4.6,20,3,0,2,0,India,Pakistan
344,1388406,Hardik Pandya,5,0,17,1,3.4,22,1,0,1,0,India,Pakistan
345,1388406,Shardul Thakur,4,0,16,1,4,14,1,0,1,0,India,Pakistan
346,1388406,Kuldeep Yadav,8,0,25,5,3.12,33,1,1,0,0,India,Pakistan
347,1388406,Ravindra Jadeja,5,0,26,0,5.2,10,1,0,0,0,India,Pakistan
348,1388407,Jasprit Bumrah,7,1,30,2,4.28,31,5,0,2,0,India,Sri Lanka
349,1388407,Mohammed Siraj,5,2,17,1,3.4,23,3,0,1,0,India,Sri Lanka
350,1388407,Hardik Pandya,5,0,14,1,2.8,20,1,0,0,0,India,Sri Lanka
351,1388407,Kuldeep Yadav,9.3,0,43,4,4.52,33,2,1,0,0,India,Sri Lanka
352,1388407,Ravindra Jadeja,10,0,33,2,3.3,36,2,0,0,1,India,Sri Lanka
353,1388407,Axar Patel,5,0,29,0,5.8,15,3,0,1,0,India,Sri Lanka
354,1388412,Mohammed Shami,8,1,32,2,4,34,5,0,2,0,India,Bangladesh
355,1388412,Shardul Thakur,10,0,65,3,6.5,35,9,1,3,0,India,Bangladesh
356,1388412,Prasidh Krishna,9,0,43,1,4.77,27,3,0,2,0,India,Bangladesh
357,1388412,Axar Patel,9,0,47,1,5.22,31,4,2,0,0,India,Bangladesh
358,1388412,Tilak Varma,4,0,21,0,5.25,13,0,2,0,0,India,Bangladesh
359,1388412,Ravindra Jadeja,10,1,53,1,5.3,37,5,2,0,0,India,Bangladesh
360,1388414,Jasprit Bumrah,5,1,23,1,4.6,20,3,0,1,0,India,Sri Lanka
361,1388414,Mohammed Siraj,7,1,21,6,3,34,2,0,2,0,India,Sri Lanka
362,1388414,Hardik Pandya,2.2,0,3,3,1.28,12,0,0,0,0,India,Sri Lanka
363,1388414,Kuldeep Yadav,1,0,1,0,1,5,0,0,0,0,India,Sri Lanka
364,1389388,Mohammed Shami,10,1,51,5,5.1,33,5,1,0,0,India,Australia
365,1389388,Jasprit Bumrah,10,2,43,1,4.3,39,5,1,0,0,India,Australia
366,1389388,Shardul Thakur,10,0,78,0,7.8,28,11,2,1,0,India,Australia
367,1389388,Ravichandran Ashwin,10,0,47,1,4.7,31,2,2,0,0,India,Australia
368,1389388,Ravindra Jadeja,10,0,51,1,5.1,24,3,0,0,1,India,Australia
369,1389389,Mohammed Shami,6,0,39,1,6.5,22,6,1,0,0,India,Australia
370,1389389,Prasidh Krishna,6,0,56,2,9.33,18,7,3,2,0,India,Australia
371,1389389,Ravichandran Ashwin,7,0,41,3,5.85,20,4,1,0,0,India,Australia
372,1389389,Shardul Thakur,4,0,35,0,8.75,7,4,1,1,0,India,Australia
373,1389389,Ravindra Jadeja,5.2,0,42,3,7.87,18,3,3,0,0,India,Australia
