,Match_ID,Name,WicketType,Runs,Balls,4s,6s,SR,Team,Versus,Match
0,1144490,Shikhar Dhawan,Out,8,12,1,0,66.66,India,South Africa,India vs South Africa
1,1144490,Rohit Sharma,NotOut,122,144,13,2,84.72,India,South Africa,India vs South Africa
2,1144490,Virat Kohli,Out,18,34,1,0,52.94,India,South Africa,India vs South Africa
3,1144490,KL Rahul,Out,26,42,2,0,61.9,India,South Africa,India vs South Africa
4,1144490,MS Dhoni,Out,34,46,2,0,73.91,India,South Africa,India vs South Africa
5,1144490,Hardik Pandya,NotOut,15,7,3,0,214.28,India,South Africa,India vs South Africa
6,1144496,Rohit Sharma,Out,57,70,3,1,81.42,India,Australia,India vs Australia
7,1144496,Shikhar Dhawan,Out,117,109,16,0,107.33,India,Australia,India vs Australia
8,1144496,Virat Kohli,Out,82,77,4,2,106.49,India,Australia,India vs Australia
9,1144496,Hardik Pandya,Out,48,27,4,3,177.77,India,Australia,India vs Australia
10,1144496,MS Dhoni,Out,27,14,3,1,192.85,India,Australia,India vs Australia
11,1144496,KL Rahul,NotOut,11,3,1,1,366.66,India,Australia,India vs Australia
12,1144496,Kedar Jadhav,NotOut,0,0,0,0,-,India,Australia,India vs Australia
13,1144504,KL Rahul,Out,57,78,3,2,73.07,India,Pakistan,India vs Pakistan
14,1144504,Rohit Sharma,Out,140,113,14,3,123.89,India,Pakistan,India vs Pakistan
15,1144504,Virat Kohli,Out,77,65,7,0,118.46,India,Pakistan,India vs Pakistan
16,1144504,Hardik Pandya,Out,26,19,2,1,136.84,India,Pakistan,India vs Pakistan
17,1144504,MS Dhoni,Out,1,2,0,0,50,India,Pakistan,India vs Pakistan
18,1144504,Vijay Shankar,NotOut,15,15,1,0,100,India,Pakistan,India vs Pakistan
19,1144504,Kedar Jadhav,NotOut,9,8,1,0,112.5,India,Pakistan,India vs Pakistan
20,1144510,KL Rahul,Out,30,53,2,0,56.6,India,Afghanistan,India vs Afghanistan
21,1144510,Rohit Sharma,Out,1,10,0,0,10,India,Afghanistan,India vs Afghanistan
22,1144510,Virat Kohli,Out,67,63,5,0,106.34,India,Afghanistan,India vs Afghanistan
23,1144510,Vijay Shankar,Out,29,41,2,0,70.73,India,Afghanistan,India vs Afghanistan
24,1144510,MS Dhoni,Out,28,52,3,0,53.84,India,Afghanistan,India vs Afghanistan
25,1144510,Kedar Jadhav,Out,52,68,3,1,76.47,India,Afghanistan,India vs Afghanistan
26,1144510,Hardik Pandya,Out,7,9,0,0,77.77,India,Afghanistan,India vs Afghanistan
27,1144510,Mohammed Shami,Out,1,2,0,0,50,India,Afghanistan,India vs Afghanistan
28,1144510,Kuldeep Yadav,NotOut,1,1,0,0,100,India,Afghanistan,India vs Afghanistan
29,1144510,Jasprit Bumrah,NotOut,1,1,0,0,100,India,Afghanistan,India vs Afghanistan
30,1144516,KL Rahul,Out,48,64,6,0,75,India,West Indies,India vs West Indies
31,1144516,Rohit Sharma,Out,18,23,1,1,78.26,India,West Indies,India vs West Indies
32,1144516,Virat Kohli,Out,72,82,8,0,87.8,India,West Indies,India vs West Indies
33,1144516,Vijay Shankar,Out,14,19,3,0,73.68,India,West Indies,India vs West Indies
34,1144516,Kedar Jadhav,Out,7,10,1,0,70,India,West Indies,India vs West Indies
35,1144516,MS Dhoni,NotOut,56,61,3,2,91.8,India,West Indies,India vs West Indies
36,1144516,Hardik Pandya,Out,46,38,5,0,121.05,India,West Indies,India vs West Indies
37,1144516,Mohammed Shami,Out,0,2,0,0,0,India,West Indies,India vs West Indies
38,1144516,Kuldeep Yadav,NotOut,0,1,0,0,0,India,West Indies,India vs West Indies
39,1144520,KL Rahul,Out,0,9,0,0,0,India,England,India vs England
40,1144520,Rohit Sharma,Out,102,109,15,0,93.57,India,England,India vs England
41,1144520,Virat Kohli,Out,66,76,7,0,86.84,India,England,India vs England
42,1144520,Rishabh Pant,Out,32,29,4,0,110.34,India,England,India vs England
43,1144520,Hardik Pandya,Out,45,33,4,0,136.36,India,England,India vs England
44,1144520,MS Dhoni,NotOut,42,31,4,1,135.48,India,England,India vs England
45,1144520,Kedar Jadhav,NotOut,12,13,1,0,92.3,India,England,India vs England
46,1144522,KL Rahul,Out,77,92,6,1,83.69,India,Bangladesh,India vs Bangladesh
47,1144522,Rohit Sharma,Out,104,92,7,5,113.04,India,Bangladesh,India vs Bangladesh
48,1144522,Virat Kohli,Out,26,27,3,0,96.29,India,Bangladesh,India vs Bangladesh
49,1144522,Rishabh Pant,Out,48,41,6,1,117.07,India,Bangladesh,India vs Bangladesh
50,1144522,Hardik Pandya,Out,0,2,0,0,0,India,Bangladesh,India vs Bangladesh
51,1144522,MS Dhoni,Out,35,33,4,0,106.06,India,Bangladesh,India vs Bangladesh
52,1144522,Dinesh Karthik,Out,8,9,1,0,88.88,India,Bangladesh,India vs Bangladesh
53,1144522,Bhuvneshwar Kumar,Out,2,3,0,0,66.66,India,Bangladesh,India vs Bangladesh
54,1144522,Mohammed Shami,Out,1,2,0,0,50,India,Bangladesh,India vs Bangladesh
55,1144522,Jasprit Bumrah,NotOut,0,0,0,0,-,India,Bangladesh,India vs Bangladesh
56,1144526,KL Rahul,Out,111,118,11,1,94.06,India,Sri Lanka,India vs Sri Lanka
57,1144526,Rohit Sharma,Out,103,94,14,2,109.57,India,Sri Lanka,India vs Sri Lanka
58,1144526,Virat Kohli,NotOut,34,41,3,0,82.92,India,Sri Lanka,India vs Sri Lanka
59,1144526,Rishabh Pant,Out,4,4,1,0,100,India,Sri Lanka,India vs Sri Lanka
60,1144526,Hardik Pandya,NotOut,7,4,1,0,175,India,Sri Lanka,India vs Sri Lanka
61,1144528,KL Rahul,Out,1,7,0,0,14.28,India,New Zealand,India vs New Zealand
62,1144528,Rohit Sharma,Out,1,4,0,0,25,India,New Zealand,India vs New Zealand
63,1144528,Virat Kohli,Out,1,6,0,0,16.66,India,New Zealand,India vs New Zealand
64,1144528,Rishabh Pant,Out,32,56,4,0,57.14,India,New Zealand,India vs New Zealand
65,1144528,Dinesh Karthik,Out,6,25,1,0,24,India,New Zealand,India vs New Zealand
66,1144528,Hardik Pandya,Out,32,62,2,0,51.61,India,New Zealand,India vs New Zealand
67,1144528,MS Dhoni,Out,50,72,1,1,69.44,India,New Zealand,India vs New Zealand
68,1144528,Ravindra Jadeja,Out,77,59,4,4,130.5,India,New Zealand,India vs New Zealand
69,1144528,Bhuvneshwar Kumar,Out,0,1,0,0,0,India,New Zealand,India vs New Zealand
70,1144528,Yuzvendra Chahal,Out,5,5,1,0,100,India,New Zealand,India vs New Zealand
71,1144528,Jasprit Bumrah,NotOut,0,0,0,0,-,India,New Zealand,India vs New Zealand
72,1188625,Shikhar Dhawan,Out,2,3,0,0,66.66,India,West Indies,India vs West Indies
73,1188625,Rohit Sharma,Out,18,34,2,0,52.94,India,West Indies,India vs West Indies
74,1188625,Virat Kohli,Out,120,125,14,1,96,India,West Indies,India vs West Indies
75,1188625,Rishabh Pant,Out,20,35,2,0,57.14,India,West Indies,India vs West Indies
76,1188625,Shreyas Iyer,Out,71,68,5,1,104.41,India,West Indies,India vs West Indies
77,1188625,Kedar Jadhav,Out,16,14,2,0,114.28,India,West Indies,India vs West Indies
78,1188625,Ravindra Jadeja,NotOut,16,16,1,0,100,India,West Indies,India vs West Indies
79,1188625,Bhuvneshwar Kumar,Out,1,2,0,0,50,India,West Indies,India vs West Indies
80,1188625,Mohammed Shami,NotOut,3,5,0,0,60,India,West Indies,India vs West Indies
81,1188626,Rohit Sharma,Out,10,6,2,0,166.66,India,West Indies,India vs West Indies
82,1188626,Shikhar Dhawan,Out,36,36,5,0,100,India,West Indies,India vs West Indies
83,1188626,Virat Kohli,NotOut,114,99,14,0,115.15,India,West Indies,India vs West Indies
84,1188626,Rishabh Pant,Out,0,1,0,0,0,India,West Indies,India vs West Indies
85,1188626,Shreyas Iyer,Out,65,41,3,5,158.53,India,West Indies,India vs West Indies
86,1188626,Kedar Jadhav,NotOut,19,12,1,1,158.33,India,West Indies,India vs West Indies
87,1187021,Rohit Sharma,Out,36,56,6,0,64.28,India,West Indies,India vs West Indies
88,1187021,KL Rahul,Out,6,15,1,0,40,India,West Indies,India vs West Indies
89,1187021,Virat Kohli,Out,4,4,1,0,100,India,West Indies,India vs West Indies
90,1187021,Shreyas Iyer,Out,70,88,5,1,79.54,India,West Indies,India vs West Indies
91,1187021,Rishabh Pant,Out,71,69,7,1,102.89,India,West Indies,India vs West Indies
92,1187021,Kedar Jadhav,Out,40,35,3,1,114.28,India,West Indies,India vs West Indies
93,1187021,Ravindra Jadeja,Out,21,21,2,0,100,India,West Indies,India vs West Indies
94,1187021,Shivam Dube,Out,9,6,1,0,150,India,West Indies,India vs West Indies
95,1187021,Deepak Chahar,NotOut,6,8,0,0,75,India,West Indies,India vs West Indies
96,1187021,Mohammed Shami,NotOut,0,1,0,0,0,India,West Indies,India vs West Indies
97,1187022,Rohit Sharma,Out,159,138,17,5,115.21,India,West Indies,India vs West Indies
98,1187022,KL Rahul,Out,102,104,8,3,98.07,India,West Indies,India vs West Indies
99,1187022,Virat Kohli,Out,0,1,0,0,0,India,West Indies,India vs West Indies
100,1187022,Shreyas Iyer,Out,53,32,3,4,165.62,India,West Indies,India vs West Indies
101,1187022,Rishabh Pant,Out,39,16,3,4,243.75,India,West Indies,India vs West Indies
102,1187022,Kedar Jadhav,NotOut,16,10,3,0,160,India,West Indies,India vs West Indies
103,1187022,Ravindra Jadeja,NotOut,0,0,0,0,-,India,West Indies,India vs West Indies
104,1187023,Rohit Sharma,Out,63,63,8,1,100,India,West Indies,India vs West Indies
105,1187023,KL Rahul,Out,77,89,8,1,86.51,India,West Indies,India vs West Indies
106,1187023,Virat Kohli,Out,85,81,9,0,104.93,India,West Indies,India vs West Indies
107,1187023,Shreyas Iyer,Out,7,7,1,0,100,India,West Indies,India vs West Indies
108,1187023,Rishabh Pant,Out,7,6,1,0,116.66,India,West Indies,India vs West Indies
109,1187023,Kedar Jadhav,Out,9,10,1,0,90,India,West Indies,India vs West Indies
110,1187023,Ravindra Jadeja,NotOut,39,31,4,0,125.8,India,West Indies,India vs West Indies
111,1187023,Shardul Thakur,NotOut,17,6,2,1,283.33,India,West Indies,India vs West Indies
112,1187027,Rohit Sharma,Out,10,15,2,0,66.66,India,Australia,India vs Australia
113,1187027,Shikhar Dhawan,Out,74,91,9,1,81.31,India,Australia,India vs Australia
114,1187027,KL Rahul,Out,47,61,4,0,77.04,India,Australia,India vs Australia
115,1187027,Virat Kohli,Out,16,14,0,1,114.28,India,Australia,India vs Australia
116,1187027,Shreyas Iyer,Out,4,9,0,0,44.44,India,Australia,India vs Australia
117,1187027,Rishabh Pant,Out,28,33,2,1,84.84,India,Australia,India vs Australia
118,1187027,Ravindra Jadeja,Out,25,32,2,1,78.12,India,Australia,India vs Australia
119,1187027,Shardul Thakur,Out,13,10,2,0,130,India,Australia,India vs Australia
120,1187027,Mohammed Shami,Out,10,15,1,0,66.66,India,Australia,India vs Australia
121,1187027,Kuldeep Yadav,Out,17,15,2,0,113.33,India,Australia,India vs Australia
122,1187027,Jasprit Bumrah,NotOut,0,0,0,0,-,India,Australia,India vs Australia
123,1187028,Rohit Sharma,Out,42,44,6,0,95.45,India,Australia,India vs Australia
124,1187028,Shikhar Dhawan,Out,96,90,13,1,106.66,India,Australia,India vs Australia
125,1187028,Virat Kohli,Out,78,76,6,0,102.63,India,Australia,India vs Australia
126,1187028,Shreyas Iyer,Out,7,17,1,0,41.17,India,Australia,India vs Australia
127,1187028,KL Rahul,Out,80,52,6,3,153.84,India,Australia,India vs Australia
128,1187028,Manish Pandey,Out,2,4,0,0,50,India,Australia,India vs Australia
129,1187028,Ravindra Jadeja,NotOut,20,16,1,0,125,India,Australia,India vs Australia
130,1187028,Mohammed Shami,NotOut,1,1,0,100,,India,Australia,India vs Australia
131,1187029,Rohit Sharma,Out,119,128,8,6,92.96,India,Australia,India vs Australia
132,1187029,KL Rahul,Out,19,27,2,0,70.37,India,Australia,India vs Australia
133,1187029,Virat Kohli,Out,89,91,8,0,97.8,India,Australia,India vs Australia
134,1187029,Shreyas Iyer,NotOut,44,35,6,1,125.71,India,Australia,India vs Australia
135,1187029,Manish Pandey,NotOut,8,4,2,0,200,India,Australia,India vs Australia
136,1187682,Prithvi Shaw,Out,20,21,3,0,95.23,India,New Zealand,India vs New Zealand
137,1187682,Mayank Agarwal,Out,32,31,6,0,103.22,India,New Zealand,India vs New Zealand
138,1187682,Virat Kohli,Out,51,63,6,0,80.95,India,New Zealand,India vs New Zealand
139,1187682,Shreyas Iyer,Out,103,107,11,1,96.26,India,New Zealand,India vs New Zealand
140,1187682,KL Rahul,NotOut,88,64,3,6,137.5,India,New Zealand,India vs New Zealand
141,1187682,Kedar Jadhav,NotOut,26,15,3,1,173.33,India,New Zealand,India vs New Zealand
142,1187683,Prithvi Shaw,Out,24,19,6,0,126.31,India,New Zealand,India vs New Zealand
143,1187683,Mayank Agarwal,Out,3,5,0,0,60,India,New Zealand,India vs New Zealand
144,1187683,Virat Kohli,Out,15,25,1,0,60,India,New Zealand,India vs New Zealand
145,1187683,Shreyas Iyer,Out,52,57,7,1,91.22,India,New Zealand,India vs New Zealand
146,1187683,KL Rahul,Out,4,8,0,0,50,India,New Zealand,India vs New Zealand
147,1187683,Kedar Jadhav,Out,9,27,1,0,33.33,India,New Zealand,India vs New Zealand
148,1187683,Ravindra Jadeja,Out,55,73,2,1,75.34,India,New Zealand,India vs New Zealand
149,1187683,Shardul Thakur,Out,18,15,3,0,120,India,New Zealand,India vs New Zealand
150,1187683,Navdeep Saini,Out,45,49,5,2,91.83,India,New Zealand,India vs New Zealand
151,1187683,Yuzvendra Chahal,Out,10,12,1,0,83.33,India,New Zealand,India vs New Zealand
152,1187683,Jasprit Bumrah,NotOut,0,1,0,0,0,India,New Zealand,India vs New Zealand
153,1187684,Prithvi Shaw,Out,40,42,3,2,95.23,India,New Zealand,India vs New Zealand
154,1187684,Mayank Agarwal,Out,1,3,0,0,33.33,India,New Zealand,India vs New Zealand
155,1187684,Virat Kohli,Out,9,12,0,1,75,India,New Zealand,India vs New Zealand
156,1187684,Shreyas Iyer,Out,62,63,9,0,98.41,India,New Zealand,India vs New Zealand
157,1187684,KL Rahul,Out,112,113,9,2,99.11,India,New Zealand,India vs New Zealand
158,1187684,Manish Pandey,Out,42,48,2,0,87.5,India,New Zealand,India vs New Zealand
159,1187684,Ravindra Jadeja,NotOut,8,7,1,0,114.28,India,New Zealand,India vs New Zealand
160,1187684,Shardul Thakur,Out,7,6,1,0,116.66,India,New Zealand,India vs New Zealand
161,1187684,Navdeep Saini,NotOut,8,6,2,0,133.33,India,New Zealand,India vs New Zealand
162,1223955,Mayank Agarwal,Out,22,18,2,1,122.22,India,Australia,India vs Australia
163,1223955,Shikhar Dhawan,Out,74,86,10,0,86.04,India,Australia,India vs Australia
164,1223955,Virat Kohli,Out,21,21,2,1,100,India,Australia,India vs Australia
165,1223955,Shreyas Iyer,Out,2,2,0,0,100,India,Australia,India vs Australia
166,1223955,KL Rahul,Out,12,15,1,0,80,India,Australia,India vs Australia
167,1223955,Hardik Pandya,Out,90,76,7,4,118.42,India,Australia,India vs Australia
168,1223955,Ravindra Jadeja,Out,25,37,0,1,67.56,India,Australia,India vs Australia
169,1223955,Navdeep Saini,NotOut,29,35,1,1,82.85,India,Australia,India vs Australia
170,1223955,Mohammed Shami,Out,13,10,1,1,130,India,Australia,India vs Australia
171,1223955,Jasprit Bumrah,NotOut,0,3,0,0,0,India,Australia,India vs Australia
172,1223956,Mayank Agarwal,Out,28,26,4,0,107.69,India,Australia,India vs Australia
173,1223956,Shikhar Dhawan,Out,30,23,5,0,130.43,India,Australia,India vs Australia
174,1223956,Virat Kohli,Out,89,87,7,2,102.29,India,Australia,India vs Australia
175,1223956,Shreyas Iyer,Out,38,36,5,0,105.55,India,Australia,India vs Australia
176,1223956,KL Rahul,Out,76,66,4,5,115.15,India,Australia,India vs Australia
177,1223956,Hardik Pandya,Out,28,31,1,1,90.32,India,Australia,India vs Australia
178,1223956,Ravindra Jadeja,Out,24,11,1,2,218.18,India,Australia,India vs Australia
179,1223956,Navdeep Saini,NotOut,10,10,1,0,100,India,Australia,India vs Australia
180,1223956,Mohammed Shami,Out,1,4,0,0,25,India,Australia,India vs Australia
181,1223956,Jasprit Bumrah,Out,0,2,0,0,0,India,Australia,India vs Australia
182,1223956,Yuzvendra Chahal,NotOut,4,6,0,0,66.66,India,Australia,India vs Australia
183,1223957,Shikhar Dhawan,Out,16,27,2,0,59.25,India,Australia,India vs Australia
184,1223957,Shubman Gill,Out,33,39,3,1,84.61,India,Australia,India vs Australia
185,1223957,Virat Kohli,Out,63,78,5,0,80.76,India,Australia,India vs Australia
186,1223957,Shreyas Iyer,Out,19,21,2,0,90.47,India,Australia,India vs Australia
187,1223957,KL Rahul,Out,5,11,0,0,45.45,India,Australia,India vs Australia
188,1223957,Hardik Pandya,NotOut,92,76,7,1,121.05,India,Australia,India vs Australia
189,1223957,Ravindra Jadeja,NotOut,66,50,5,3,132,India,Australia,India vs Australia
190,1243393,Rohit Sharma,Out,28,42,4,0,66.66,India,England,India vs England
191,1243393,Shikhar Dhawan,Out,98,106,11,2,92.45,India,England,India vs England
192,1243393,Virat Kohli,Out,56,60,6,0,93.33,India,England,India vs England
193,1243393,Shreyas Iyer,Out,6,9,1,0,66.66,India,England,India vs England
194,1243393,KL Rahul,NotOut,62,43,4,4,144.18,India,England,India vs England
195,1243393,Hardik Pandya,Out,1,9,0,0,11.11,India,England,India vs England
196,1243393,Krunal Pandya,NotOut,58,31,7,2,187.09,India,England,India vs England
197,1243394,Rohit Sharma,Out,25,25,5,0,100,India,England,India vs England
198,1243394,Shikhar Dhawan,Out,4,17,0,0,23.52,India,England,India vs England
199,1243394,Virat Kohli,Out,66,79,3,1,83.54,India,England,India vs England
200,1243394,KL Rahul,Out,108,114,7,2,94.73,India,England,India vs England
201,1243394,Rishabh Pant,Out,77,40,3,7,192.5,India,England,India vs England
202,1243394,Hardik Pandya,Out,35,16,1,4,218.75,India,England,India vs England
203,1243394,Krunal Pandya,NotOut,12,9,1,0,133.33,India,England,India vs England
204,1243394,Shardul Thakur,NotOut,0,0,0,0,-,India,England,India vs England
205,1243395,Rohit Sharma,Out,37,37,6,0,100,India,England,India vs England
206,1243395,Shikhar Dhawan,Out,67,56,10,0,119.64,India,England,India vs England
207,1243395,Virat Kohli,Out,7,10,1,0,70,India,England,India vs England
208,1243395,Rishabh Pant,Out,78,62,5,4,125.8,India,England,India vs England
209,1243395,KL Rahul,Out,7,18,0,0,38.88,India,England,India vs England
210,1243395,Hardik Pandya,Out,64,44,5,4,145.45,India,England,India vs England
211,1243395,Krunal Pandya,Out,25,34,0,0,73.52,India,England,India vs England
212,1243395,Shardul Thakur,Out,30,21,1,3,142.85,India,England,India vs England
213,1243395,Bhuvneshwar Kumar,Out,3,5,0,0,60,India,England,India vs England
214,1243395,Prasidh Krishna,Out,0,3,0,0,0,India,England,India vs England
215,1243395,T Natarajan,NotOut,0,0,0,0,-,India,England,India vs England
216,1262755,Prithvi Shaw,Out,43,24,9,0,179.16,India,Sri Lanka,India vs Sri Lanka
217,1262755,Shikhar Dhawan,NotOut,86,95,6,1,90.52,India,Sri Lanka,India vs Sri Lanka
218,1262755,Ishan Kishan,Out,59,42,8,2,140.47,India,Sri Lanka,India vs Sri Lanka
219,1262755,Manish Pandey,Out,26,40,1,1,65,India,Sri Lanka,India vs Sri Lanka
220,1262755,Suryakumar Yadav,NotOut,31,20,5,0,155,India,Sri Lanka,India vs Sri Lanka
221,1262756,Prithvi Shaw,Out,13,11,3,0,118.18,India,Sri Lanka,India vs Sri Lanka
222,1262756,Shikhar Dhawan,Out,29,38,6,0,76.31,India,Sri Lanka,India vs Sri Lanka
223,1262756,Ishan Kishan,Out,1,4,0,0,25,India,Sri Lanka,India vs Sri Lanka
224,1262756,Manish Pandey,Out,37,31,3,0,119.35,India,Sri Lanka,India vs Sri Lanka
225,1262756,Suryakumar Yadav,Out,53,44,6,0,120.45,India,Sri Lanka,India vs Sri Lanka
226,1262756,Hardik Pandya,Out,0,3,0,0,0,India,Sri Lanka,India vs Sri Lanka
227,1262756,Krunal Pandya,Out,35,54,3,0,64.81,India,Sri Lanka,India vs Sri Lanka
228,1262756,Deepak Chahar,NotOut,69,82,7,1,84.14,India,Sri Lanka,India vs Sri Lanka
229,1262756,Bhuvneshwar Kumar,NotOut,19,28,2,0,67.85,India,Sri Lanka,India vs Sri Lanka
230,1262757,Prithvi Shaw,Out,49,49,8,0,100,India,Sri Lanka,India vs Sri Lanka
231,1262757,Shikhar Dhawan,Out,13,11,3,0,118.18,India,Sri Lanka,India vs Sri Lanka
232,1262757,Sanju Samson,Out,46,46,5,1,100,India,Sri Lanka,India vs Sri Lanka
233,1262757,Manish Pandey,Out,11,19,0,0,57.89,India,Sri Lanka,India vs Sri Lanka
234,1262757,Suryakumar Yadav,Out,40,37,7,0,108.1,India,Sri Lanka,India vs Sri Lanka
235,1262757,Hardik Pandya,Out,19,17,3,0,111.76,India,Sri Lanka,India vs Sri Lanka
236,1262757,Nitish Rana,Out,7,14,0,0,50,India,Sri Lanka,India vs Sri Lanka
237,1262757,Krishnappa Gowtham,Out,2,3,0,0,66.66,India,Sri Lanka,India vs Sri Lanka
238,1262757,Rahul Chahar,Out,13,25,0,0,52,India,Sri Lanka,India vs Sri Lanka
239,1262757,Navdeep Saini,Out,15,37,0,0,40.54,India,Sri Lanka,India vs Sri Lanka
240,1262757,Chetan Sakariya,NotOut,0,1,0,0,0,India,Sri Lanka,India vs Sri Lanka
241,1277082,KL Rahul,Out,12,17,0,0,70.58,India,South Africa,India vs South Africa
242,1277082,Shikhar Dhawan,Out,79,84,10,0,94.04,India,South Africa,India vs South Africa
243,1277082,Virat Kohli,Out,51,63,3,0,80.95,India,South Africa,India vs South Africa
244,1277082,Rishabh Pant,Out,16,22,1,0,72.72,India,South Africa,India vs South Africa
245,1277082,Shreyas Iyer,Out,17,17,1,0,100,India,South Africa,India vs South Africa
246,1277082,Venkatesh Iyer,Out,2,7,0,0,28.57,India,South Africa,India vs South Africa
247,1277082,Ravichandran Ashwin,Out,7,13,0,0,53.84,India,South Africa,India vs South Africa
248,1277082,Shardul Thakur,NotOut,50,43,5,1,116.27,India,South Africa,India vs South Africa
249,1277082,Bhuvneshwar Kumar,Out,4,11,0,0,36.36,India,South Africa,India vs South Africa
250,1277082,Jasprit Bumrah,NotOut,14,23,1,0,60.86,India,South Africa,India vs South Africa
251,1277083,KL Rahul,Out,55,79,4,0,69.62,India,South Africa,India vs South Africa
252,1277083,Shikhar Dhawan,Out,29,38,5,0,76.31,India,South Africa,India vs South Africa
253,1277083,Virat Kohli,Out,0,5,0,0,0,India,South Africa,India vs South Africa
254,1277083,Rishabh Pant,Out,85,71,10,2,119.71,India,South Africa,India vs South Africa
255,1277083,Shreyas Iyer,Out,11,14,0,0,78.57,India,South Africa,India vs South Africa
256,1277083,Venkatesh Iyer,Out,22,33,0,1,66.66,India,South Africa,India vs South Africa
257,1277083,Shardul Thakur,NotOut,40,38,3,1,105.26,India,South Africa,India vs South Africa
258,1277083,Ravichandran Ashwin,NotOut,25,24,1,1,104.16,India,South Africa,India vs South Africa
259,1277084,KL Rahul,Out,9,10,2,0,90,India,South Africa,India vs South Africa
260,1277084,Shikhar Dhawan,Out,61,73,5,1,83.56,India,South Africa,India vs South Africa
261,1277084,Virat Kohli,Out,65,84,5,0,77.38,India,South Africa,India vs South Africa
262,1277084,Rishabh Pant,Out,0,1,0,0,0,India,South Africa,India vs South Africa
263,1277084,Shreyas Iyer,Out,26,34,2,0,76.47,India,South Africa,India vs South Africa
264,1277084,Suryakumar Yadav,Out,39,32,4,1,121.87,India,South Africa,India vs South Africa
265,1277084,Deepak Chahar,Out,54,34,5,2,158.82,India,South Africa,India vs South Africa
266,1277084,Jayant Yadav,Out,2,6,0,0,33.33,India,South Africa,India vs South Africa
267,1277084,Jasprit Bumrah,Out,12,15,2,0,80,India,South Africa,India vs South Africa
268,1277084,Yuzvendra Chahal,Out,2,6,0,0,33.33,India,South Africa,India vs South Africa
269,1277084,Prasidh Krishna,NotOut,2,3,0,0,66.66,India,South Africa,India vs South Africa
270,1278676,Rohit Sharma,Out,60,51,10,1,117.64,India,West Indies,India vs West Indies
271,1278676,Ishan Kishan,Out,28,36,2,1,77.77,India,West Indies,India vs West Indies
272,1278676,Virat Kohli,Out,8,4,2,0,200,India,West Indies,India vs West Indies
273,1278676,Rishabh Pant,Out,11,9,2,0,122.22,India,West Indies,India vs West Indies
274,1278676,Suryakumar Yadav,NotOut,34,36,5,0,94.44,India,West Indies,India vs West Indies
275,1278676,Deepak Hooda,NotOut,26,32,2,0,81.25,India,West Indies,India vs West Indies
276,1278677,Rohit Sharma,Out,5,8,0,0,62.5,India,West Indies,India vs West Indies
277,1278677,Rishabh Pant,Out,18,34,3,0,52.94,India,West Indies,India vs West Indies
278,1278677,Virat Kohli,Out,18,30,3,0,60,India,West Indies,India vs West Indies
279,1278677,KL Rahul,Out,49,48,4,2,102.08,India,West Indies,India vs West Indies
280,1278677,Suryakumar Yadav,Out,64,83,5,0,77.1,India,West Indies,India vs West Indies
281,1278677,Washington Sundar,Out,24,41,1,0,58.53,India,West Indies,India vs West Indies
282,1278677,Deepak Hooda,Out,29,25,2,0,116,India,West Indies,India vs West Indies
283,1278677,Shardul Thakur,Out,8,15,1,0,53.33,India,West Indies,India vs West Indies
284,1278677,Mohammed Siraj,Out,3,5,0,0,60,India,West Indies,India vs West Indies
285,1278677,Yuzvendra Chahal,NotOut,11,10,1,0,110,India,West Indies,India vs West Indies
286,1278677,Prasidh Krishna,NotOut,0,3,0,0,0,India,West Indies,India vs West Indies
287,1278678,Rohit Sharma,Out,13,15,3,0,86.66,India,West Indies,India vs West Indies
288,1278678,Shikhar Dhawan,Out,10,26,0,1,38.46,India,West Indies,India vs West Indies
289,1278678,Virat Kohli,Out,0,2,0,0,0,India,West Indies,India vs West Indies
290,1278678,Shreyas Iyer,Out,80,111,9,0,72.07,India,West Indies,India vs West Indies
291,1278678,Rishabh Pant,Out,56,54,6,1,103.7,India,West Indies,India vs West Indies
292,1278678,Suryakumar Yadav,Out,6,7,1,0,85.71,India,West Indies,India vs West Indies
293,1278678,Washington Sundar,Out,33,34,2,1,97.05,India,West Indies,India vs West Indies
294,1278678,Deepak Chahar,Out,38,38,4,2,100,India,West Indies,India vs West Indies
295,1278678,Kuldeep Yadav,Out,5,8,0,0,62.5,India,West Indies,India vs West Indies
296,1278678,Mohammed Siraj,Out,4,6,1,0,66.66,India,West Indies,India vs West Indies
297,1278678,Prasidh Krishna,NotOut,0,0,0,0,-,India,West Indies,India vs West Indies
298,1276907,Rohit Sharma,NotOut,76,58,7,5,131.03,India,England,India vs England
299,1276907,Shikhar Dhawan,NotOut,31,54,4,0,57.4,India,England,India vs England
300,1276908,Rohit Sharma,Out,0,10,0,0,0,India,England,India vs England
301,1276908,Shikhar Dhawan,Out,9,26,1,0,34.61,India,England,India vs England
302,1276908,Virat Kohli,Out,16,25,3,0,64,India,England,India vs England
303,1276908,Rishabh Pant,Out,0,5,0,0,0,India,England,India vs England
304,1276908,Suryakumar Yadav,Out,27,29,1,1,93.1,India,England,India vs England
305,1276908,Hardik Pandya,Out,29,44,2,0,65.9,India,England,India vs England
306,1276908,Ravindra Jadeja,Out,29,44,1,1,65.9,India,England,India vs England
307,1276908,Mohammed Shami,Out,23,28,2,1,82.14,India,England,India vs England
308,1276908,Jasprit Bumrah,NotOut,2,6,0,0,33.33,India,England,India vs England
309,1276908,Yuzvendra Chahal,Out,3,13,0,0,23.07,India,England,India vs England
310,1276908,Prasidh Krishna,Out,0,3,0,0,0,India,England,India vs England
311,1276909,Rohit Sharma,Out,17,17,4,0,100,India,England,India vs England
312,1276909,Shikhar Dhawan,Out,1,3,0,0,33.33,India,England,India vs England
313,1276909,Virat Kohli,Out,17,22,3,0,77.27,India,England,India vs England
314,1276909,Rishabh Pant,NotOut,125,113,16,2,110.61,India,England,India vs England
315,1276909,Suryakumar Yadav,Out,16,28,1,0,57.14,India,England,India vs England
316,1276909,Hardik Pandya,Out,71,55,10,0,129.09,India,England,India vs England
317,1276909,Ravindra Jadeja,NotOut,7,15,0,0,46.66,India,England,India vs England
318,1317900,Shikhar Dhawan,Out,97,99,10,3,97.97,India,West Indies,India vs West Indies
319,1317900,Shubman Gill,Out,64,53,6,2,120.75,India,West Indies,India vs West Indies
320,1317900,Shreyas Iyer,Out,54,57,5,2,94.73,India,West Indies,India vs West Indies
321,1317900,Suryakumar Yadav,Out,13,14,2,0,92.85,India,West Indies,India vs West Indies
322,1317900,Sanju Samson,Out,12,18,0,1,66.66,India,West Indies,India vs West Indies
323,1317900,Deepak Hooda,Out,27,32,1,1,84.37,India,West Indies,India vs West Indies
324,1317900,Axar Patel,Out,21,21,1,1,100,India,West Indies,India vs West Indies
325,1317900,Shardul Thakur,NotOut,7,5,1,0,140,India,West Indies,India vs West Indies
326,1317900,Mohammed Siraj,NotOut,1,2,0,0,50,India,West Indies,India vs West Indies
327,1317901,Shikhar Dhawan,Out,13,31,0,0,41.93,India,West Indies,India vs West Indies
328,1317901,Shubman Gill,Out,43,49,5,0,87.75,India,West Indies,India vs West Indies
329,1317901,Shreyas Iyer,Out,63,71,4,1,88.73,India,West Indies,India vs West Indies
330,1317901,Suryakumar Yadav,Out,9,8,0,1,112.5,India,West Indies,India vs West Indies
331,1317901,Sanju Samson,Out,54,51,3,3,105.88,India,West Indies,India vs West Indies
332,1317901,Deepak Hooda,Out,33,36,2,0,91.66,India,West Indies,India vs West Indies
333,1317901,Axar Patel,NotOut,64,35,3,5,182.85,India,West Indies,India vs West Indies
334,1317901,Shardul Thakur,Out,3,6,0,0,50,India,West Indies,India vs West Indies
335,1317901,Avesh Khan,Out,10,12,2,0,83.33,India,West Indies,India vs West Indies
336,1317901,Mohammed Siraj,NotOut,1,1,0,0,100,India,West Indies,India vs West Indies
337,1317902,Shikhar Dhawan,Out,58,74,7,0,78.37,India,West Indies,India vs West Indies
338,1317902,Shubman Gill,NotOut,98,98,7,2,100,India,West Indies,India vs West Indies
339,1317902,Shreyas Iyer,Out,44,34,4,1,129.41,India,West Indies,India vs West Indies
340,1317902,Suryakumar Yadav,Out,8,6,1,0,133.33,India,West Indies,India vs West Indies
341,1317902,Sanju Samson,NotOut,6,7,0,0,85.71,India,West Indies,India vs West Indies
342,1325549,Shikhar Dhawan,NotOut,81,113,9,0,71.68,India,Zimbabwe,India vs Zimbabwe
343,1325549,Shubman Gill,NotOut,82,72,10,1,113.88,India,Zimbabwe,India vs Zimbabwe
344,1325550,Shikhar Dhawan,Out,33,21,4,0,157.14,India,Zimbabwe,India vs Zimbabwe
345,1325550,KL Rahul,Out,1,5,0,0,20,India,Zimbabwe,India vs Zimbabwe
346,1325550,Shubman Gill,Out,33,34,6,0,97.05,India,Zimbabwe,India vs Zimbabwe
347,1325550,Ishan Kishan,Out,6,13,0,0,46.15,India,Zimbabwe,India vs Zimbabwe
348,1325550,Deepak Hooda,Out,25,36,3,0,69.44,India,Zimbabwe,India vs Zimbabwe
349,1325550,Sanju Samson,NotOut,43,39,3,4,110.25,India,Zimbabwe,India vs Zimbabwe
350,1325550,Axar Patel,NotOut,6,7,1,0,85.71,India,Zimbabwe,India vs Zimbabwe
351,1325551,Shikhar Dhawan,Out,40,68,5,0,58.82,India,Zimbabwe,India vs Zimbabwe
352,1325551,KL Rahul,Out,30,46,1,1,65.21,India,Zimbabwe,India vs Zimbabwe
353,1325551,Shubman Gill,Out,130,97,15,1,134.02,India,Zimbabwe,India vs Zimbabwe
354,1325551,Ishan Kishan,Out,50,61,6,0,81.96,India,Zimbabwe,India vs Zimbabwe
355,1325551,Deepak Hooda,Out,1,3,0,0,33.33,India,Zimbabwe,India vs Zimbabwe
356,1325551,Sanju Samson,Out,15,13,0,2,115.38,India,Zimbabwe,India vs Zimbabwe
357,1325551,Axar Patel,Out,1,4,0,0,25,India,Zimbabwe,India vs Zimbabwe
358,1325551,Shardul Thakur,Out,9,6,2,0,150,India,Zimbabwe,India vs Zimbabwe
359,1325551,Deepak Chahar,NotOut,1,1,0,0,100,India,Zimbabwe,India vs Zimbabwe
360,1325551,Kuldeep Yadav,NotOut,2,2,0,0,100,India,Zimbabwe,India vs Zimbabwe
361,1327509,Shikhar Dhawan,Out,4,16,0,0,25,India,South Africa,India vs South Africa
362,1327509,Shubman Gill,Out,3,7,0,0,42.85,India,South Africa,India vs South Africa
363,1327509,Ruturaj Gaikwad,Out,19,42,1,0,45.23,India,South Africa,India vs South Africa
364,1327509,Ishan Kishan,Out,20,37,3,0,54.05,India,South Africa,India vs South Africa
365,1327509,Shreyas Iyer,Out,50,37,8,0,135.13,India,South Africa,India vs South Africa
366,1327509,Sanju Samson,NotOut,86,63,9,3,136.5,India,South Africa,India vs South Africa
367,1327509,Shardul Thakur,Out,33,31,5,0,106.45,India,South Africa,India vs South Africa
368,1327509,Kuldeep Yadav,Out,0,1,0,0,0,India,South Africa,India vs South Africa
369,1327509,Avesh Khan,Out,3,6,0,0,50,India,South Africa,India vs South Africa
370,1327509,Ravi Bishnoi,NotOut,4,2,1,0,200,India,South Africa,India vs South Africa
371,1327510,Shikhar Dhawan,Out,13,20,0,1,65,India,South Africa,India vs South Africa
372,1327510,Shubman Gill,Out,28,26,5,0,107.69,India,South Africa,India vs South Africa
373,1327510,Ishan Kishan,Out,93,84,4,7,110.71,India,South Africa,India vs South Africa
374,1327510,Shreyas Iyer,NotOut,113,111,15,0,101.8,India,South Africa,India vs South Africa
375,1327510,Sanju Samson,NotOut,30,36,1,1,83.33,India,South Africa,India vs South Africa
376,1327511,Shikhar Dhawan,Out,8,14,1,0,57.14,India,South Africa,India vs South Africa
377,1327511,Shubman Gill,Out,49,57,8,0,85.96,India,South Africa,India vs South Africa
378,1327511,Ishan Kishan,Out,10,18,2,0,55.55,India,South Africa,India vs South Africa
379,1327511,Shreyas Iyer,NotOut,28,23,3,2,121.73,India,South Africa,India vs South Africa
380,1327511,Sanju Samson,NotOut,2,4,0,0,50,India,South Africa,India vs South Africa
381,1322278,Shikhar Dhawan,Out,72,77,13,0,93.5,India,New Zealand,India vs New Zealand
382,1322278,Shubman Gill,Out,50,65,1,3,76.92,India,New Zealand,India vs New Zealand
383,1322278,Shreyas Iyer,Out,80,76,4,4,105.26,India,New Zealand,India vs New Zealand
384,1322278,Rishabh Pant,Out,15,23,2,0,65.21,India,New Zealand,India vs New Zealand
385,1322278,Suryakumar Yadav,Out,4,3,1,0,133.33,India,New Zealand,India vs New Zealand
386,1322278,Sanju Samson,Out,36,38,4,0,94.73,India,New Zealand,India vs New Zealand
387,1322278,Washington Sundar,NotOut,37,16,3,3,231.25,India,New Zealand,India vs New Zealand
388,1322278,Shardul Thakur,Out,1,2,0,0,50,India,New Zealand,India vs New Zealand
389,1340845,Rohit Sharma,Out,27,31,4,1,87.09,India,Bangladesh,India vs Bangladesh
390,1340845,Shikhar Dhawan,Out,7,17,1,0,41.17,India,Bangladesh,India vs Bangladesh
391,1340845,Virat Kohli,Out,9,15,1,0,60,India,Bangladesh,India vs Bangladesh
392,1340845,Shreyas Iyer,Out,24,39,2,0,61.53,India,Bangladesh,India vs Bangladesh
393,1340845,KL Rahul,Out,73,70,5,4,104.28,India,Bangladesh,India vs Bangladesh
394,1340845,Washington Sundar,Out,19,43,0,0,44.18,India,Bangladesh,India vs Bangladesh
395,1340845,Shahbaz Ahmed,Out,0,4,0,0,0,India,Bangladesh,India vs Bangladesh
396,1340845,Shardul Thakur,Out,2,3,0,0,66.66,India,Bangladesh,India vs Bangladesh
397,1340845,Deepak Chahar,Out,0,3,0,0,0,India,Bangladesh,India vs Bangladesh
398,1340845,Mohammed Siraj,Out,9,20,1,0,45,India,Bangladesh,India vs Bangladesh
399,1340845,Kuldeep Sen,NotOut,2,4,0,0,50,India,Bangladesh,India vs Bangladesh
400,1340846,Virat Kohli,Out,5,6,1,0,83.33,India,Bangladesh,India vs Bangladesh
401,1340846,Shikhar Dhawan,Out,8,10,1,0,80,India,Bangladesh,India vs Bangladesh
402,1340846,Shreyas Iyer,Out,82,102,6,3,80.39,India,Bangladesh,India vs Bangladesh
403,1340846,Washington Sundar,Out,11,19,1,0,57.89,India,Bangladesh,India vs Bangladesh
404,1340846,KL Rahul,Out,14,28,0,0,50,India,Bangladesh,India vs Bangladesh
405,1340846,Axar Patel,Out,56,56,2,3,100,India,Bangladesh,India vs Bangladesh
406,1340846,Shardul Thakur,Out,7,23,0,0,30.43,India,Bangladesh,India vs Bangladesh
407,1340846,Deepak Chahar,Out,11,18,0,1,61.11,India,Bangladesh,India vs Bangladesh
408,1340846,Rohit Sharma,NotOut,51,28,3,5,182.14,India,Bangladesh,India vs Bangladesh
409,1340846,Mohammed Siraj,Out,2,12,0,0,16.66,India,Bangladesh,India vs Bangladesh
410,1340846,Umran Malik,NotOut,0,0,0,0,-,India,Bangladesh,India vs Bangladesh
411,1340847,Shikhar Dhawan,Out,3,8,0,0,37.5,India,Bangladesh,India vs Bangladesh
412,1340847,Ishan Kishan,Out,210,131,24,10,160.3,India,Bangladesh,India vs Bangladesh
413,1340847,Virat Kohli,Out,113,91,11,2,124.17,India,Bangladesh,India vs Bangladesh
414,1340847,Shreyas Iyer,Out,3,6,0,0,50,India,Bangladesh,India vs Bangladesh
415,1340847,KL Rahul,Out,8,10,1,0,80,India,Bangladesh,India vs Bangladesh
416,1340847,Washington Sundar,Out,37,27,4,1,137.03,India,Bangladesh,India vs Bangladesh
417,1340847,Axar Patel,Out,20,17,1,1,117.64,India,Bangladesh,India vs Bangladesh
418,1340847,Shardul Thakur,Out,3,5,0,0,60,India,Bangladesh,India vs Bangladesh
419,1340847,Kuldeep Yadav,NotOut,3,3,0,0,100,India,Bangladesh,India vs Bangladesh
420,1340847,Mohammed Siraj,NotOut,0,2,0,0,0,India,Bangladesh,India vs Bangladesh
421,1348643,Rohit Sharma,Out,83,67,9,3,123.88,India,Sri Lanka,India vs Sri Lanka
422,1348643,Shubman Gill,Out,70,60,11,0,116.66,India,Sri Lanka,India vs Sri Lanka
423,1348643,Virat Kohli,Out,113,87,12,1,129.88,India,Sri Lanka,India vs Sri Lanka
424,1348643,Shreyas Iyer,Out,28,24,3,1,116.66,India,Sri Lanka,India vs Sri Lanka
425,1348643,KL Rahul,Out,39,29,4,1,134.48,India,Sri Lanka,India vs Sri Lanka
426,1348643,Hardik Pandya,Out,14,12,0,1,116.66,India,Sri Lanka,India vs Sri Lanka
427,1348643,Axar Patel,Out,9,9,0,0,100,India,Sri Lanka,India vs Sri Lanka
428,1348643,Mohammed Shami,NotOut,4,4,0,0,100,India,Sri Lanka,India vs Sri Lanka
429,1348643,Mohammed Siraj,NotOut,7,8,0,0,87.5,India,Sri Lanka,India vs Sri Lanka
430,1348644,Rohit Sharma,Out,17,21,2,1,80.95,India,Sri Lanka,India vs Sri Lanka
431,1348644,Shubman Gill,Out,21,12,5,0,175,India,Sri Lanka,India vs Sri Lanka
432,1348644,Virat Kohli,Out,4,9,1,0,44.44,India,Sri Lanka,India vs Sri Lanka
433,1348644,Shreyas Iyer,Out,28,33,5,0,84.84,India,Sri Lanka,India vs Sri Lanka
434,1348644,KL Rahul,NotOut,64,103,6,0,62.13,India,Sri Lanka,India vs Sri Lanka
435,1348644,Hardik Pandya,Out,36,53,4,0,67.92,India,Sri Lanka,India vs Sri Lanka
436,1348644,Axar Patel,Out,21,21,1,1,100,India,Sri Lanka,India vs Sri Lanka
437,1348644,Kuldeep Yadav,NotOut,10,10,2,0,100,India,Sri Lanka,India vs Sri Lanka
438,1348645,Rohit Sharma,Out,42,49,2,3,85.71,India,Sri Lanka,India vs Sri Lanka
439,1348645,Shubman Gill,Out,116,97,14,2,119.58,India,Sri Lanka,India vs Sri Lanka
440,1348645,Virat Kohli,NotOut,166,110,13,8,150.9,India,Sri Lanka,India vs Sri Lanka
441,1348645,Shreyas Iyer,Out,38,32,2,1,118.75,India,Sri Lanka,India vs Sri Lanka
442,1348645,KL Rahul,Out,7,6,1,0,116.66,India,Sri Lanka,India vs Sri Lanka
443,1348645,Suryakumar Yadav,Out,4,4,0,0,100,India,Sri Lanka,India vs Sri Lanka
444,1348645,Axar Patel,NotOut,2,2,0,0,100,India,Sri Lanka,India vs Sri Lanka
445,1348646,Rohit Sharma,Out,34,38,4,2,89.47,India,New Zealand,India vs New Zealand
446,1348646,Shubman Gill,Out,208,149,19,9,139.59,India,New Zealand,India vs New Zealand
447,1348646,Virat Kohli,Out,8,10,1,0,80,India,New Zealand,India vs New Zealand
448,1348646,Ishan Kishan,Out,5,14,0,0,35.71,India,New Zealand,India vs New Zealand
449,1348646,Suryakumar Yadav,Out,31,26,4,0,119.23,India,New Zealand,India vs New Zealand
450,1348646,Hardik Pandya,Out,28,38,3,0,73.68,India,New Zealand,India vs New Zealand
451,1348646,Washington Sundar,Out,12,14,0,0,85.71,India,New Zealand,India vs New Zealand
452,1348646,Shardul Thakur,Out,3,3,0,0,100,India,New Zealand,India vs New Zealand
453,1348646,Kuldeep Yadav,NotOut,5,6,0,0,83.33,India,New Zealand,India vs New Zealand
454,1348646,Mohammed Shami,NotOut,2,2,0,0,100,India,New Zealand,India vs New Zealand
455,1348647,Rohit Sharma,Out,51,50,7,2,102,India,New Zealand,India vs New Zealand
456,1348647,Shubman Gill,NotOut,40,53,6,0,75.47,India,New Zealand,India vs New Zealand
457,1348647,Virat Kohli,Out,11,9,2,0,122.22,India,New Zealand,India vs New Zealand
458,1348647,Ishan Kishan,NotOut,8,9,2,0,88.88,India,New Zealand,India vs New Zealand
459,1348648,Rohit Sharma,Out,101,85,9,6,118.82,India,New Zealand,India vs New Zealand
460,1348648,Shubman Gill,Out,112,78,13,5,143.58,India,New Zealand,India vs New Zealand
461,1348648,Virat Kohli,Out,36,27,3,1,133.33,India,New Zealand,India vs New Zealand
462,1348648,Ishan Kishan,Out,17,24,1,1,70.83,India,New Zealand,India vs New Zealand
463,1348648,Suryakumar Yadav,Out,14,9,0,2,155.55,India,New Zealand,India vs New Zealand
464,1348648,Hardik Pandya,Out,54,38,3,3,142.1,India,New Zealand,India vs New Zealand
465,1348648,Washington Sundar,Out,9,14,1,0,64.28,India,New Zealand,India vs New Zealand
466,1348648,Shardul Thakur,Out,25,17,3,1,147.05,India,New Zealand,India vs New Zealand
467,1348648,Kuldeep Yadav,Out,3,3,0,0,100,India,New Zealand,India vs New Zealand
468,1348648,Umran Malik,NotOut,2,5,0,0,40,India,New Zealand,India vs New Zealand
469,1348656,Ishan Kishan,Out,3,8,0,0,37.5,India,Australia,India vs Australia
470,1348656,Shubman Gill,Out,20,31,3,0,64.51,India,Australia,India vs Australia
471,1348656,Virat Kohli,Out,4,9,1,0,44.44,India,Australia,India vs Australia
472,1348656,Suryakumar Yadav,Out,0,1,0,0,0,India,Australia,India vs Australia
473,1348656,KL Rahul,NotOut,75,91,7,1,82.41,India,Australia,India vs Australia
474,1348656,Hardik Pandya,Out,25,31,3,1,80.64,India,Australia,India vs Australia
475,1348656,Ravindra Jadeja,NotOut,45,69,5,0,65.21,India,Australia,India vs Australia
476,1348657,Rohit Sharma,Out,13,15,2,0,86.66,India,Australia,India vs Australia
477,1348657,Shubman Gill,Out,0,2,0,0,0,India,Australia,India vs Australia
478,1348657,Virat Kohli,Out,31,35,4,0,88.57,India,Australia,India vs Australia
479,1348657,Suryakumar Yadav,Out,0,1,0,0,0,India,Australia,India vs Australia
480,1348657,KL Rahul,Out,9,12,1,0,75,India,Australia,India vs Australia
481,1348657,Hardik Pandya,Out,1,3,0,0,33.33,India,Australia,India vs Australia
482,1348657,Ravindra Jadeja,Out,16,39,1,0,41.02,India,Australia,India vs Australia
483,1348657,Axar Patel,NotOut,29,29,1,2,100,India,Australia,India vs Australia
484,1348657,Kuldeep Yadav,Out,4,17,0,0,23.52,India,Australia,India vs Australia
485,1348657,Mohammed Shami,Out,0,1,0,0,0,India,Australia,India vs Australia
486,1348657,Mohammed Siraj,Out,0,3,0,0,0,India,Australia,India vs Australia
487,1348658,Rohit Sharma,Out,30,17,2,2,176.47,India,Australia,India vs Australia
488,1348658,Shubman Gill,Out,37,49,4,1,75.51,India,Australia,India vs Australia
489,1348658,Virat Kohli,Out,54,72,2,1,75,India,Australia,India vs Australia
490,1348658,KL Rahul,Out,32,50,2,1,64,India,Australia,India vs Australia
491,1348658,Axar Patel,Out,2,4,0,0,50,India,Australia,India vs Australia
492,1348658,Hardik Pandya,Out,40,40,3,1,100,India,Australia,India vs Australia
493,1348658,Suryakumar Yadav,Out,0,1,0,0,0,India,Australia,India vs Australia
494,1348658,Ravindra Jadeja,Out,18,33,1,0,54.54,India,Australia,India vs Australia
495,1348658,Kuldeep Yadav,Out,6,15,0,0,40,India,Australia,India vs Australia
496,1348658,Mohammed Shami,Out,14,10,1,1,140,India,Australia,India vs Australia
497,1348658,Mohammed Siraj,NotOut,3,5,0,0,60,India,Australia,India vs Australia
498,1388398,Rohit Sharma,NotOut,74,59,6,5,125.42,India,Nepal,India vs Nepal
499,1388398,Shubman Gill,NotOut,67,62,8,1,108.06,India,Nepal,India vs Nepal
500,1388406,Rohit Sharma,Out,56,49,6,4,114.28,India,Pakistan,India vs Pakistan
501,1388406,Shubman Gill,Out,58,52,10,0,111.53,India,Pakistan,India vs Pakistan
502,1388406,Virat Kohli,NotOut,122,94,9,3,129.78,India,Pakistan,India vs Pakistan
503,1388406,KL Rahul,NotOut,111,106,12,2,104.71,India,Pakistan,India vs Pakistan
504,1388407,Rohit Sharma,Out,53,48,7,2,110.41,India,Sri Lanka,India vs Sri Lanka
505,1388407,Shubman Gill,Out,19,25,2,0,76,India,Sri Lanka,India vs Sri Lanka
506,1388407,Virat Kohli,Out,3,12,0,0,25,India,Sri Lanka,India vs Sri Lanka
507,1388407,Ishan Kishan,Out,33,61,1,1,54.09,India,Sri Lanka,India vs Sri Lanka
508,1388407,KL Rahul,Out,39,44,2,0,88.63,India,Sri Lanka,India vs Sri Lanka
509,1388407,Hardik Pandya,Out,5,18,0,0,27.77,India,Sri Lanka,India vs Sri Lanka
510,1388407,Ravindra Jadeja,Out,4,19,0,0,21.05,India,Sri Lanka,India vs Sri Lanka
511,1388407,Axar Patel,Out,26,36,0,1,72.22,India,Sri Lanka,India vs Sri Lanka
512,1388407,Jasprit Bumrah,Out,5,12,0,0,41.66,India,Sri Lanka,India vs Sri Lanka
513,1388407,Kuldeep Yadav,Out,0,1,0,0,0,India,Sri Lanka,India vs Sri Lanka
514,1388407,Mohammed Siraj,NotOut,5,19,0,0,26.31,India,Sri Lanka,India vs Sri Lanka
515,1388412,Rohit Sharma,Out,0,2,0,0,0,India,Bangladesh,India vs Bangladesh
516,1388412,Shubman Gill,Out,121,133,8,5,90.97,India,Bangladesh,India vs Bangladesh
517,1388412,Tilak Varma,Out,5,9,1,0,55.55,India,Bangladesh,India vs Bangladesh
518,1388412,KL Rahul,Out,19,39,2,0,48.71,India,Bangladesh,India vs Bangladesh
519,1388412,Ishan Kishan,Out,5,15,0,0,33.33,India,Bangladesh,India vs Bangladesh
520,1388412,Suryakumar Yadav,Out,26,34,3,0,76.47,India,Bangladesh,India vs Bangladesh
521,1388412,Ravindra Jadeja,Out,7,12,0,0,58.33,India,Bangladesh,India vs Bangladesh
522,1388412,Axar Patel,Out,42,34,3,2,123.52,India,Bangladesh,India vs Bangladesh
523,1388412,Shardul Thakur,Out,11,13,0,0,84.61,India,Bangladesh,India vs Bangladesh
524,1388412,Mohammed Shami,Out,6,6,1,0,100,India,Bangladesh,India vs Bangladesh
525,1388412,Prasidh Krishna,NotOut,0,2,0,0,0,India,Bangladesh,India vs Bangladesh
526,1388414,Ishan Kishan,NotOut,23,18,3,0,127.77,India,Sri Lanka,India vs Sri Lanka
527,1388414,Shubman Gill,NotOut,27,19,6,0,142.1,India,Sri Lanka,India vs Sri Lanka
528,1389388,Ruturaj Gaikwad,Out,71,77,10,0,92.2,India,Australia,India vs Australia
529,1389388,Shubman Gill,Out,74,63,6,2,117.46,India,Australia,India vs Australia
530,1389388,Shreyas Iyer,Out,3,8,0,0,37.5,India,Australia,India vs Australia
531,1389388,KL Rahul,NotOut,58,63,4,1,92.06,India,Australia,India vs Australia
532,1389388,Ishan Kishan,Out,18,26,2,0,69.23,India,Australia,India vs Australia
533,1389388,Suryakumar Yadav,Out,50,49,5,1,102.04,India,Australia,India vs Australia
534,1389388,Ravindra Jadeja,NotOut,3,6,0,0,50,India,Australia,India vs Australia
535,1389389,Ruturaj Gaikwad,Out,8,12,2,0,66.66,India,Australia,India vs Australia
536,1389389,Shubman Gill,Out,104,97,6,4,107.21,India,Australia,India vs Australia
537,1389389,Shreyas Iyer,Out,105,90,11,3,116.66,India,Australia,India vs Australia
538,1389389,KL Rahul,Out,52,38,3,3,136.84,India,Australia,India vs Australia
539,1389389,Ishan Kishan,Out,31,18,2,2,172.22,India,Australia,India vs Australia
540,1389389,Suryakumar Yadav,NotOut,72,37,6,6,194.59,India,Australia,India vs Australia
541,1389389,Ravindra Jadeja,NotOut,13,9,1,0,144.44,India,Australia,India vs Australia
