,Match_ID,Season,City,Date,Team1,Team2,Toss,Toss_Decision,Result,DL_Applied,Winner,Win_By_Runs,Win_By_Wickets,MOTM,Venue,Umpire1,Umpire2,Umpire3,Versus,Team
0,1389389,2023/24,Indore,9/24/2023,India,Australia,Australia,field,D/L,1,India,99,0,SS Iyer,"Holkar Cricket Stadium, Indore",J Madanagopal,HDPK Dharmasena,KN Ananthapadmanabhan,Australia,India
3,1389388,2023/24,Chandigarh,9/22/2023,Australia,India,India,field,normal,0,India,0,5,Mohammed Shami,"Punjab Cricket Association IS Bindra Stadium, Mohali, Chandigarh",KN Ananthapadmanabhan,HDPK Dharmasena,J Madanagopal,Australia,India
5,1388414,2023,Colombo,9/17/2023,Sri Lanka,India,Sri Lanka,bat,normal,0,India,0,10,Mohammed Siraj,"R Premadasa Stadium, Colombo",Ahmed Shah Pakteen,RK Illingworth,CB Gaffaney,Sri Lanka,India
7,1388412,2023,Colombo,9/15/2023,Bangladesh,India,India,field,normal,0,Bangladesh,6,0,Shakib Al Hasan,"R Premadasa Stadium, Colombo",Asif Yaqoob,RK Illingworth,P Wilson,Bangladesh,India
13,1388407,2023,Colombo,9/12/2023,India,Sri Lanka,India,bat,normal,0,India,41,0,DN Wellalage,"R Premadasa Stadium, Colombo",Masudur Rahman,RK Illingworth,P Wilson,Sri Lanka,India
14,1388406,2023,Colombo,9/11/2023,India,Pakistan,Pakistan,field,normal,0,India,228,0,V Kohli,"R Premadasa Stadium, Colombo",CB Gaffaney,RSA Palliyaguruge,RK Illingworth,Pakistan,India
22,1388398,2023,Kandy,9/4/2023,Nepal,India,India,field,D/L,1,India,0,10,RG Sharma,Pallekele International Cricket Stadium,P Wilson,RSA Palliyaguruge,RK Illingworth,Nepal,India
30,1381216,2023,Tarouba,8/1/2023,India,West Indies,West Indies,field,normal,0,India,200,0,Shubman Gill,"Brian Lara Stadium, Tarouba, Trinidad",LS Reifer,MA Gough,M Erasmus,West Indies,India
31,1381215,2023,Bridgetown,7/29/2023,India,West Indies,West Indies,field,normal,0,West Indies,0,6,SD Hope,"Kensington Oval, Bridgetown, Barbados",GO Brathwaite,M Erasmus,MA Gough,West Indies,India
32,1381214,2023,Bridgetown,7/27/2023,West Indies,India,India,field,normal,0,India,0,5,Kuldeep Yadav,"Kensington Oval, Bridgetown, Barbados",MA Gough,N Duguid,M Erasmus,West Indies,India
107,1348658,2022/23,Chennai,3/22/2023,Australia,India,Australia,bat,normal,0,Australia,21,0,A Zampa,"MA Chidambaram Stadium, Chepauk, Chennai",J Madanagopal,Nitin Menon,KN Ananthapadmanabhan,Australia,India
111,1348657,2022/23,Visakhapatnam,3/19/2023,India,Australia,Australia,field,normal,0,Australia,0,10,MA Starc,"Dr. Y.S. Rajasekhara Reddy ACA-VDCA Cricket Stadium, Visakhapatnam",Nitin Menon,VK Sharma,J Madanagopal,Australia,India
114,1348656,2022/23,Mumbai,3/17/2023,Australia,India,India,field,normal,0,India,0,5,RA Jadeja,"Wankhede Stadium, Mumbai",KN Ananthapadmanabhan,Nitin Menon,VK Sharma,Australia,India
140,1348648,2022/23,Indore,1/24/2023,India,New Zealand,New Zealand,field,normal,0,India,90,0,SN Thakur,"Holkar Cricket Stadium, Indore",J Madanagopal,Nitin Menon,AK Chaudhary,New Zealand,India
143,1348647,2022/23,Raipur,1/21/2023,New Zealand,India,India,field,normal,0,India,0,8,Mohammed Shami,"Shaheed Veer Narayan Singh International Stadium, Raipur",KN Ananthapadmanabhan,Nitin Menon,J Madanagopal,New Zealand,India
144,1348646,2022/23,Hyderabad,1/18/2023,India,New Zealand,India,bat,normal,0,India,12,0,Shubman Gill,"Rajiv Gandhi International Stadium, Uppal, Hyderabad",AK Chaudhary,Nitin Menon,KN Ananthapadmanabhan,New Zealand,India
146,1348645,2022/23,Thiruvananthapuram,1/15/2023,India,Sri Lanka,India,bat,normal,0,India,317,0,V Kohli,"Greenfield International Stadium, Thiruvananthapuram",J Madanagopal,Nitin Menon,AK Chaudhary,Sri Lanka,India
148,1348644,2022/23,Kolkata,1/12/2023,Sri Lanka,India,Sri Lanka,bat,normal,0,India,0,4,Kuldeep Yadav,"Eden Gardens, Kolkata",KN Ananthapadmanabhan,Nitin Menon,J Madanagopal,Sri Lanka,India
150,1348643,2022/23,Guwahati,1/10/2023,India,Sri Lanka,Sri Lanka,field,normal,0,India,67,0,V Kohli,"Barsapara Cricket Stadium, Guwahati",AK Chaudhary,Nitin Menon,KN Ananthapadmanabhan,Sri Lanka,India
152,1340847,2022/23,Chattogram,12/10/2022,India,Bangladesh,Bangladesh,field,normal,0,India,227,0,Ishan Kishan,"Zahur Ahmed Chowdhury Stadium, Chattogram",Gazi Sohel,MA Gough,Masudur Rahman,Bangladesh,India
154,1340846,2022/23,Dhaka,12/7/2022,Bangladesh,India,Bangladesh,bat,normal,0,Bangladesh,5,0,Mehedi Hasan Miraz,"Shere Bangla National Stadium, Mirpur",Masudur Rahman,MA Gough,Gazi Sohel,Bangladesh,India
158,1340845,2022/23,Dhaka,12/4/2022,India,Bangladesh,Bangladesh,field,normal,0,Bangladesh,0,1,Mehedi Hasan Miraz,"Shere Bangla National Stadium, Mirpur",MA Gough,Tanvir Ahmed,Sharfuddoula,Bangladesh,India
166,1322278,2022/23,Auckland,11/25/2022,India,New Zealand,New Zealand,field,normal,0,New Zealand,0,7,TWM Latham,"Eden Park, Auckland",CM Brown,CB Gaffaney,WR Knights,New Zealand,India
179,1327511,2022/23,Delhi,10/11/2022,South Africa,India,India,field,normal,0,India,0,7,Kuldeep Yadav,"Arun Jaitley Stadium, Delhi",AK Chaudhary,J Madanagopal,VK Sharma,South Africa,India
180,1327510,2022/23,Ranchi,10/9/2022,South Africa,India,South Africa,bat,normal,0,India,0,7,SS Iyer,"JSCA International Stadium Complex, Ranchi",KN Ananthapadmanabhan,VK Sharma,J Madanagopal,South Africa,India
181,1327509,2022/23,Lucknow,10/6/2022,South Africa,India,India,field,normal,0,South Africa,9,0,H Klaasen,"Bharat Ratna Shri Atal Bihari Vajpayee Ekana Cricket Stadium, Lucknow",AK Chaudhary,J Madanagopal,KN Ananthapadmanabhan,South Africa,India
194,1325551,2022,Harare,8/22/2022,India,Zimbabwe,India,bat,normal,0,India,13,0,Shubman Gill,Harare Sports Club,AT Holdstock,L Rusere,F Mutizwa,Zimbabwe,India
197,1325550,2022,Harare,8/20/2022,Zimbabwe,India,India,field,normal,0,India,0,5,SV Samson,Harare Sports Club,AT Holdstock,I Chabi,L Rusere,Zimbabwe,India
199,1325549,2022,Harare,8/18/2022,Zimbabwe,India,India,field,normal,0,India,0,10,DL Chahar,Harare Sports Club,AT Holdstock,L Rusere,I Chabi,Zimbabwe,India
212,1317902,2022,Port of Spain,7/27/2022,India,West Indies,India,bat,D/L,1,India,119,0,Shubman Gill,"Queen's Park Oval, Port of Spain, Trinidad",JS Wilson,N Duguid,LS Reifer,West Indies,India
213,1317901,2022,Port of Spain,7/24/2022,West Indies,India,West Indies,bat,normal,0,India,0,2,AR Patel,"Queen's Park Oval, Port of Spain, Trinidad",GO Brathwaite,JS Wilson,N Duguid,West Indies,India
216,1317900,2022,Port of Spain,7/22/2022,India,West Indies,West Indies,field,normal,0,India,3,0,S Dhawan,"Queen's Park Oval, Port of Spain, Trinidad",JS Wilson,LS Reifer,GO Brathwaite,West Indies,India
218,1276909,2022,Manchester,7/17/2022,England,India,India,field,normal,0,India,0,5,RR Pant,"Old Trafford, Manchester",MJ Saggers,RK Illingworth,RA Kettleborough,England,India
223,1276908,2022,London,7/14/2022,England,India,India,field,normal,0,England,100,0,RJW Topley,"Lord's, London",AG Wharf,RA Kettleborough,RK Illingworth,England,India
227,1276907,2022,London,7/12/2022,England,India,India,field,normal,0,India,0,10,JJ Bumrah,"Kennington Oval, London",AG Wharf,RK Illingworth,RA Kettleborough,England,India
294,1278678,2021/22,Ahmedabad,2/11/2022,India,West Indies,India,bat,normal,0,India,96,0,SS Iyer,"Narendra Modi Stadium, Ahmedabad",AK Chaudhary,Nitin Menon,KN Ananthapadmanabhan,West Indies,India
295,1278677,2021/22,Ahmedabad,2/9/2022,India,West Indies,West Indies,field,normal,0,India,44,0,M Prasidh Krishna,"Narendra Modi Stadium, Ahmedabad",Nitin Menon,VK Sharma,J Madanagopal,West Indies,India
298,1278676,2021/22,Ahmedabad,2/6/2022,West Indies,India,India,field,normal,0,India,0,6,YS Chahal,"Narendra Modi Stadium, Ahmedabad",KN Ananthapadmanabhan,Nitin Menon,AK Chaudhary,West Indies,India
301,1277084,2021/22,Cape Town,1/23/2022,South Africa,India,India,field,normal,0,South Africa,4,0,Q de Kock,"Newlands, Cape Town",BP Jele,M Erasmus,A Paleker,South Africa,India
305,1277083,2021/22,Paarl,1/21/2022,India,South Africa,India,bat,normal,0,South Africa,0,7,Q de Kock,"Boland Park, Paarl",AT Holdstock,M Erasmus,BP Jele,South Africa,India
306,1277082,2021/22,Paarl,1/19/2022,South Africa,India,South Africa,bat,normal,0,South Africa,31,0,HE van der Dussen,"Boland Park, Paarl",A Paleker,M Erasmus,AT Holdstock,South Africa,India
338,1262757,2021,Colombo,7/23/2021,India,Sri Lanka,India,bat,D/L,1,Sri Lanka,0,3,WIA Fernando,"R Premadasa Stadium, Colombo",HDPK Dharmasena,RSA Palliyaguruge,RR Wimalasiri,Sri Lanka,India
341,1262756,2021,Colombo,7/20/2021,Sri Lanka,India,Sri Lanka,bat,normal,0,India,0,3,DL Chahar,"R Premadasa Stadium, Colombo",HDPK Dharmasena,LE Hannibal,RSA Palliyaguruge,Sri Lanka,India
342,1262755,2021,Colombo,7/18/2021,Sri Lanka,India,Sri Lanka,bat,normal,0,India,0,7,PP Shaw,"R Premadasa Stadium, Colombo",HDPK Dharmasena,RR Wimalasiri,RSA Palliyaguruge,Sri Lanka,India
365,1243395,2020/21,Pune,3/28/2021,India,England,England,field,normal,0,India,7,0,SM Curran,Maharashtra Cricket Association Stadium,AK Chaudhary,Nitin Menon,VK Sharma,England,India
367,1243394,2020/21,Pune,3/26/2021,India,England,England,field,normal,0,England,0,6,JM Bairstow,Maharashtra Cricket Association Stadium,Nitin Menon,VK Sharma,AK Chaudhary,England,India
368,1243393,2020/21,Pune,3/23/2021,India,England,England,field,normal,0,India,66,0,S Dhawan,Maharashtra Cricket Association Stadium,KN Ananthapadmanabhan,Nitin Menon,AK Chaudhary,England,India
382,1223957,2020/21,Canberra,12/2/2020,India,Australia,India,bat,normal,0,India,13,0,HH Pandya,Manuka Oval,P Wilson,BNJ Oxenford,RJ Tucker,Australia,India
383,1223956,2020/21,,11/29/2020,Australia,India,Australia,bat,normal,0,Australia,51,0,SPD Smith,Sydney Cricket Ground,GA Abood,PR Reiffel,BNJ Oxenford,Australia,India
384,1223955,2020/21,,11/27/2020,Australia,India,Australia,bat,normal,0,Australia,66,0,SPD Smith,Sydney Cricket Ground,RJ Tucker,SJ Nogajski,PR Reiffel,Australia,India
405,1187684,2019/20,Mount Maunganui,2/11/2020,New Zealand,India,New Zealand,field,normal,0,New Zealand,0,5,HM Nicholls,Bay Oval,CM Brown,L Rusere,BNJ Oxenford,New Zealand,India
410,1187683,2019/20,Auckland,2/8/2020,New Zealand,India,India,field,normal,0,New Zealand,22,0,KA Jamieson,Eden Park,CM Brown,BNJ Oxenford,L Rusere,New Zealand,India
413,1187682,2019/20,Hamilton,2/5/2020,New Zealand,India,New Zealand,field,normal,0,New Zealand,0,4,LRPL Taylor,Seddon Park,SB Haig,L Rusere,BNJ Oxenford,New Zealand,India
416,1187029,2019/20,Bengaluru,1/19/2020,India,Australia,Australia,bat,normal,0,India,0,7,RG Sharma,M.Chinnaswamy Stadium,MA Gough,VK Sharma,RA Kettleborough,Australia,India
417,1187028,2019/20,Rajkot,1/17/2020,India,Australia,Australia,field,normal,0,India,36,0,KL Rahul,Saurashtra Cricket Association Stadium,RA Kettleborough,VK Sharma,MA Gough,Australia,India
418,1187027,2019/20,Mumbai,1/14/2020,India,Australia,Australia,field,normal,0,Australia,0,10,DA Warner,Wankhede Stadium,C Shamshuddin,MA Gough,RA Kettleborough,Australia,India
426,1187023,2019/20,Cuttack,12/22/2019,India,West Indies,India,field,normal,0,India,0,4,V Kohli,Barabati Stadium,Nitin Menon,S George,RJ Tucker,West Indies,India
427,1187022,2019/20,Visakhapatnam,12/18/2019,India,West Indies,West Indies,field,normal,0,India,107,0,RG Sharma,Dr. Y.S. Rajasekhara Reddy ACA-VDCA Cricket Stadium,RJ Tucker,AK Chaudhary,S George,West Indies,India
429,1187021,2019/20,Chennai,12/15/2019,India,West Indies,West Indies,field,normal,0,West Indies,0,8,SO Hetmyer,"MA Chidambaram Stadium, Chepauk",Nitin Menon,S George,RJ Tucker,West Indies,India
450,1188626,2019,Port of Spain,8/14/2019,West Indies,India,West Indies,bat,D/L,1,India,0,6,V Kohli,"Queen's Park Oval, Trinidad",LS Reifer,AT Holdstock,NJ Llong,West Indies,India
451,1188625,2019,Port of Spain,8/11/2019,West Indies,India,India,bat,D/L,1,India,59,0,V Kohli,"Queen's Park Oval, Trinidad",NJ Llong,GO Brathwaite,AT Holdstock,West Indies,India
458,1144528,2019,Manchester,7/10/2019,India,New Zealand,New Zealand,bat,normal,0,New Zealand,18,0,MJ Henry,Old Trafford,RA Kettleborough,RK Illingworth,RJ Tucker,New Zealand,India
460,1144526,2019,Leeds,7/6/2019,India,Sri Lanka,Sri Lanka,bat,normal,0,India,0,7,RG Sharma,Headingley,P Wilson,IJ Gould,CB Gaffaney,Sri Lanka,India
466,1144522,2019,Birmingham,7/2/2019,Bangladesh,India,India,bat,normal,0,India,28,0,RG Sharma,Edgbaston,M Erasmus,RSA Palliyaguruge,Aleem Dar,Bangladesh,India
469,1144520,2019,Birmingham,6/30/2019,England,India,England,bat,normal,0,England,31,0,JM Bairstow,Edgbaston,Aleem Dar,HDPK Dharmasena,RSA Palliyaguruge,England,India
473,1144516,2019,Manchester,6/27/2019,India,West Indies,India,bat,normal,0,India,125,0,V Kohli,Old Trafford,RA Kettleborough,RK Illingworth,MA Gough,West Indies,India
478,1144510,2019,Southampton,6/22/2019,Afghanistan,India,India,bat,normal,0,India,11,0,JJ Bumrah,The Rose Bowl,Aleem Dar,RK Illingworth,RA Kettleborough,Afghanistan,India
487,1144504,2019,Manchester,6/16/2019,India,Pakistan,Pakistan,field,D/L,1,India,89,0,RG Sharma,Old Trafford,BNJ Oxenford,M Erasmus,JS Wilson,Pakistan,India
493,1144496,2019,London,6/9/2019,Australia,India,India,bat,normal,0,India,36,0,S Dhawan,Kennington Oval,IJ Gould,CB Gaffaney,NJ Llong,Australia,India
497,1144490,2019,Southampton,6/5/2019,India,South Africa,South Africa,bat,normal,0,India,0,6,RG Sharma,The Rose Bowl,RA Kettleborough,MA Gough,RK Illingworth,South Africa,India
534,1168246,2018/19,Delhi,3/13/2019,India,Australia,Australia,bat,normal,0,Australia,35,0,UT Khawaja,Arun Jaitley Stadium,JS Wilson,CK Nandan,HDPK Dharmasena,Australia,India
536,1168245,2018/19,Chandigarh,3/10/2019,India,Australia,India,bat,normal,0,Australia,0,4,AJ Turner,"Punjab Cricket Association IS Bindra Stadium, Mohali",HDPK Dharmasena,AK Chaudhary,JS Wilson,Australia,India
539,1168244,2018/19,Ranchi,3/8/2019,India,Australia,India,field,normal,0,Australia,32,0,UT Khawaja,JSCA International Stadium Complex,C Shamshuddin,JS Wilson,HDPK Dharmasena,Australia,India
542,1168243,2018/19,Nagpur,3/5/2019,India,Australia,Australia,field,normal,0,India,8,0,V Kohli,"Vidarbha Cricket Association Stadium, Jamtha",HDPK Dharmasena,Nitin Menon,JS Wilson,Australia,India
545,1168242,2018/19,Hyderabad,3/2/2019,India,Australia,Australia,bat,normal,0,India,0,6,KM Jadhav,"Rajiv Gandhi International Stadium, Uppal",JS Wilson,Nitin Menon,HDPK Dharmasena,Australia,India
554,1153695,2018/19,Wellington,2/3/2019,New Zealand,India,India,bat,normal,0,India,35,0,AT Rayudu,Westpac Stadium,S George,WR Knights,NJ Llong,New Zealand,India
555,1153694,2018/19,Hamilton,1/31/2019,New Zealand,India,New Zealand,field,normal,0,New Zealand,0,8,TA Boult,Seddon Park,CM Brown,NJ Llong,S George,New Zealand,India
558,1153693,2018/19,Mount Maunganui,1/28/2019,New Zealand,India,New Zealand,bat,normal,0,India,0,7,Mohammed Shami,Bay Oval,S George,WR Knights,NJ Llong,New Zealand,India
561,1153692,2018/19,Mount Maunganui,1/26/2019,New Zealand,India,India,bat,normal,0,India,90,0,RG Sharma,Bay Oval,CM Brown,NJ Llong,S George,New Zealand,India
564,1153691,2018/19,Napier,1/23/2019,New Zealand,India,New Zealand,bat,D/L,1,India,0,8,Mohammed Shami,McLean Park,SB Haig,S George,NJ Llong,New Zealand,India
567,1144999,2018/19,Melbourne,1/18/2019,Australia,India,India,field,normal,0,India,0,7,YS Chahal,Melbourne Cricket Ground,P Wilson,MA Gough,RA Kettleborough,Australia,India
568,1144998,2018/19,Adelaide,1/15/2019,Australia,India,Australia,bat,normal,0,India,0,6,V Kohli,Adelaide Oval,RA Kettleborough,SJ Nogajski,MA Gough,Australia,India
569,1144997,2018/19,Sydney,1/12/2019,Australia,India,Australia,bat,normal,0,Australia,34,0,JA Richardson,Sydney Cricket Ground,P Wilson,MA Gough,RA Kettleborough,Australia,India
