Name,Batting Type,Bowling Type,Role
Shikhar Dhawan,Left Hand Bat,Right Arm Off Spin,Top Order Batsman
MS Dhoni,Right Hand Bat,N/A,Wicket Keeper Batsman
Mohammed Shami,Right Hand Bat,Right Arm Fast,Bowler
Rishabh Pant,Left Hand Bat,N/A,Wicket Keeper Batsman
Ravindra Jadeja,Left Hand Bat,Left Arm Off Spin,All Rounder
Shivam Dube,Left Hand Bat,Right Arm Medium,Middle Order Batsman
Prithvi Shaw,Right Hand Bat,N/A,Top Order Batsman
Krunal Pandya,Left Hand Bat,Left Arm Off Spin,All Rounder
Suryakumar Yadav,Right Hand Bat,Right Arm Off Spin,Middle Order Batsman
Krishnappa Gowtham,Right Hand Bat,Right Arm Off Spin,All Rounder
Venkatesh Iyer,Left Hand Bat,Right Arm Medium,Middle Order Batsman
Deepak Hooda,Right Hand Bat,Right Arm Off Spin,Middle Order Batsman
Axar Patel,Left Hand Bat,Left Arm Off Spin,All Rounder
Shahbaz Ahmed,Right Hand Bat,Left Arm Off Spin,Bowler
Rohit Sharma,Right Hand Bat,Right Arm Off Spin,Top Order Batsman
Hardik Pandya,Right Hand Bat,Right Arm Medium Fast,All Rounder
Kuldeep Yadav,Left Hand Bat,Left Arm Leg Spin,Bowler
Dinesh Karthik,Right Hand Bat,N/A,Wicket Keeper Batsman
Yuzvendra Chahal,Right Hand Bat,Right Arm Leg Spin,Bowler
Deepak Chahar,Right Hand Bat,Right Arm Medium Fast,Bowler
Mayank Agarwal,Right Hand Bat,N/A,Top Order Batsman
Prasidh Krishna,Right Hand Bat,Right Arm Fast,Bowler
Sanju Samson,Right Hand Bat,N/A,Top Order Batsman
Rahul Chahar,Right Hand Bat,Right Arm Leg Spin,Bowler
Ravichandran Ashwin,Right Hand Bat,Right Arm Off Spin,All Rounder
Washington Sundar,Left Hand Bat,Right Arm Off Spin,All Rounder
Avesh Khan,Right Hand Bat,Right Arm Fast,Bowler
Kuldeep Sen,Right Hand Bat,Right Arm Fast,Bowler
Virat Kohli,Right Hand Bat,Right Arm Medium,Top Order Batsman
Kedar Jadhav,Right Hand Bat,Right Arm Off Spin,Wicket Keeper Batsman
Jasprit Bumrah,Right Hand Bat,Right Arm Fast,Bowler
Bhuvneshwar Kumar,Right Hand Bat,Right Arm Medium Fast,Bowler
Shreyas Iyer,Right Hand Bat,Right Arm Leg Spin,Top Order Batsman
Shardul Thakur,Right Hand Bat,Right Arm Fast,All Rounder
Navdeep Saini,Right Hand Bat,Right Arm Fast,Bowler
T Natarajan,Left Hand Bat,Left Arm Fast,Bowler
Nitish Rana,Right Hand Bat,Right Arm Off Spin,Top Order Batsman
Chetan Sakariya,Right Hand Bat,Right Arm Fast,Bowler
Jayant Yadav,Right Hand Bat,Right Arm Off Spin,Bowler
Mohammed Siraj,Right Hand Bat,Right Arm Fast,Bowler
Ruturaj Gaikwad,Right Hand Bat,Right Arm Leg Spin,Top Order Batsman
Umran Malik,Right Hand Bat,Right Arm Fast,Bowler
KL Rahul,Right Hand Bat,N/A,Wicket Keeper Batsman
Vijay Shankar,Right Hand Bat,Right Arm Medium,All Rounder
Manish Pandey,Right Hand Bat,N/A,Top Order Batsman
Shubman Gill,Right Hand Bat,N/A,Top Order Batsman
Ishan Kishan,Left Hand Bat,N/A,Top Order Batsman
Ravi Bishnoi,Right Hand Bat,Right Arm Leg Spin,Bowler
Tilak Varma,Right Hand Bat,Right Arm Off Spin,Middle Order Batsman
Khaleel Ahmed,Left Hand Bat,Left Arm Fast,Bowler
Arshdeep Singh,Left Hand Bat,Left Arm Fast,Bowler
